aboleth	http://www.d20srd.org/srd/monsters/aboleth.htm
abolethMage10thLevelWizard	http://www.d20srd.org/srd/monsters/aboleth.htm
achaierai	http://www.d20srd.org/srd/monsters/achaierai.htm
allip	http://www.d20srd.org/srd/monsters/allip.htm
angelAstralDeva	http://www.d20srd.org/srd/monsters/angel.htm
angelPlanetar	http://www.d20srd.org/srd/monsters/angel.htm
angelSolar	http://www.d20srd.org/srd/monsters/angel.htm
animatedObjectTiny	http://www.d20srd.org/srd/monsters/animatedObject.htm
animatedObjectSmall	http://www.d20srd.org/srd/monsters/animatedObject.htm
animatedObjectMedium	http://www.d20srd.org/srd/monsters/animatedObject.htm
animatedObjectLarge	http://www.d20srd.org/srd/monsters/animatedObject.htm
animatedObjectHuge	http://www.d20srd.org/srd/monsters/animatedObject.htm
animatedObjectGargantuan	http://www.d20srd.org/srd/monsters/animatedObject.htm
animatedObjectColossal	http://www.d20srd.org/srd/monsters/animatedObject.htm
ankheg	http://www.d20srd.org/srd/monsters/ankheg.htm
aranea	http://www.d20srd.org/srd/monsters/aranea.htm
lanternArchon	http://www.d20srd.org/srd/monsters/archon.htm
houndArchon	http://www.d20srd.org/srd/monsters/archon.htm
houndArchonHero11thLevelPaladin	http://www.d20srd.org/srd/monsters/archon.htm
trumpetArchon	http://www.d20srd.org/srd/monsters/archon.htm
juvenileArrowhawk	http://www.d20srd.org/srd/monsters/arrowhawk.htm
adultArrowhawk	http://www.d20srd.org/srd/monsters/arrowhawk.htm
elderArrowhawk	http://www.d20srd.org/srd/monsters/arrowhawk.htm
assassinVine	http://www.d20srd.org/srd/monsters/assassinVine.htm
athach	http://www.d20srd.org/srd/monsters/athach.htm
avoral	http://www.d20srd.org/srd/monsters/avoral.htm
azer	http://www.d20srd.org/srd/monsters/azer.htm
barghest	http://www.d20srd.org/srd/monsters/monstersBC.htm
greaterBarghest	http://www.d20srd.org/srd/monsters/monstersBC.htm
basilisk	http://www.d20srd.org/srd/monsters/basilisk.htm
abyssalGreaterBasilisk	http://www.d20srd.org/srd/monsters/basilisk.htm
behir	http://www.d20srd.org/srd/monsters/behir.htm
belker	http://www.d20srd.org/srd/monsters/belker.htm
blinkDog	http://www.d20srd.org/srd/monsters/blinkDog.htm
bodak	http://www.d20srd.org/srd/monsters/bodak.htm
bralani	http://www.d20srd.org/srd/monsters/bralani.htm
bugbear	http://www.d20srd.org/srd/monsters/bugbear.htm
bulette	http://www.d20srd.org/srd/monsters/bulette.htm
centaur	http://www.d20srd.org/srd/monsters/centaur.htm
chaosBeast	http://www.d20srd.org/srd/monsters/chaosBeast.htm
chimera	http://www.d20srd.org/srd/monsters/chimera.htm
choker	http://www.d20srd.org/srd/monsters/choker.htm
chuul	http://www.d20srd.org/srd/monsters/chuul.htm
cloaker	http://www.d20srd.org/srd/monsters/cloaker.htm
cockatrice	http://www.d20srd.org/srd/monsters/cockatrice.htm
couatl	http://www.d20srd.org/srd/monsters/couatl.htm
darkmantle	http://www.d20srd.org/srd/monsters/monstersDDe.htm
delver	http://www.d20srd.org/srd/monsters/delver.htm
dretch	http://www.d20srd.org/srd/monsters/demon.htm
marilith	http://www.d20srd.org/srd/monsters/demon.htm
quasit	http://www.d20srd.org/srd/monsters/demon.htm
nalfeshnee	http://www.d20srd.org/srd/monsters/demon.htm
vrock	http://www.d20srd.org/srd/monsters/demon.htm
bebilith	http://www.d20srd.org/srd/monsters/demon.htm
succubus	http://www.d20srd.org/srd/monsters/demon.htm
balor	http://www.d20srd.org/srd/monsters/demon.htm
glabrezu	http://www.d20srd.org/srd/monsters/demon.htm
babau	http://www.d20srd.org/srd/monsters/demon.htm
hezrou	http://www.d20srd.org/srd/monsters/demon.htm
retriever	http://www.d20srd.org/srd/monsters/demon.htm
derro	http://www.d20srd.org/srd/monsters/derro.htm
destrachan	http://www.d20srd.org/srd/monsters/destrachan.htm
hellcat	http://www.d20srd.org/srd/monsters/devil.htm
iceDevil	http://www.d20srd.org/srd/monsters/devil.htm
chainDevil	http://www.d20srd.org/srd/monsters/devil.htm
beardedDevil	http://www.d20srd.org/srd/monsters/devil.htm
lemure	http://www.d20srd.org/srd/monsters/devil.htm
erinyes	http://www.d20srd.org/srd/monsters/devil.htm
boneDevil	http://www.d20srd.org/srd/monsters/devil.htm
hornedDevil	http://www.d20srd.org/srd/monsters/devil.htm
barbedDevil	http://www.d20srd.org/srd/monsters/devil.htm
imp	http://www.d20srd.org/srd/monsters/devil.htm
pitFiend	http://www.d20srd.org/srd/monsters/devil.htm
devourer	http://www.d20srd.org/srd/monsters/devourer.htm
digester	http://www.d20srd.org/srd/monsters/monstersDiDo.htm
deinonychus	http://www.d20srd.org/srd/monsters/dinosaur.htm
elasmosaurus	http://www.d20srd.org/srd/monsters/dinosaur.htm
tyrannosaurus	http://www.d20srd.org/srd/monsters/dinosaur.htm
triceratops	http://www.d20srd.org/srd/monsters/dinosaur.htm
megaraptor	http://www.d20srd.org/srd/monsters/dinosaur.htm
direBoar	http://www.d20srd.org/srd/monsters/direAnimal.htm
direBear	http://www.d20srd.org/srd/monsters/direAnimal.htm
direWolverine	http://www.d20srd.org/srd/monsters/direAnimal.htm
direBat	http://www.d20srd.org/srd/monsters/direAnimal.htm
direRat	http://www.d20srd.org/srd/monsters/direAnimal.htm
direWolf	http://www.d20srd.org/srd/monsters/direAnimal.htm
direBadger	http://www.d20srd.org/srd/monsters/direAnimal.htm
direShark	http://www.d20srd.org/srd/monsters/direAnimal.htm
direApe	http://www.d20srd.org/srd/monsters/direAnimal.htm
direLion	http://www.d20srd.org/srd/monsters/direAnimal.htm
direTiger	http://www.d20srd.org/srd/monsters/direAnimal.htm
direWeasel	http://www.d20srd.org/srd/monsters/direAnimal.htm
doppelganger	http://www.d20srd.org/srd/monsters/doppelganger.htm
whiteDragonJuvenile	http://www.d20srd.org/srd/monsters/monstersDrDw.htm
whiteDragonYoungAdult	http://www.d20srd.org/srd/monsters/monstersDrDw.htm
whiteDragonAdult	http://www.d20srd.org/srd/monsters/monstersDrDw.htm
blueDragonAncient	http://www.d20srd.org/srd/monsters/monstersDrDw.htm
blueDragonWyrm	http://www.d20srd.org/srd/monsters/monstersDrDw.htm
blueDragonGreatWyrm	http://www.d20srd.org/srd/monsters/monstersDrDw.htm
whiteDragonAncient	http://www.d20srd.org/srd/monsters/monstersDrDw.htm
whiteDragonWyrm	http://www.d20srd.org/srd/monsters/monstersDrDw.htm
whiteDragonGreatWyrm	http://www.d20srd.org/srd/monsters/monstersDrDw.htm
bronzeDragonMatureAdult	http://www.d20srd.org/srd/monsters/monstersDrDw.htm
bronzeDragonOld	http://www.d20srd.org/srd/monsters/monstersDrDw.htm
bronzeDragonVeryOld	http://www.d20srd.org/srd/monsters/monstersDrDw.htm
redDragonMatureAdult	http://www.d20srd.org/srd/monsters/monstersDrDw.htm
redDragonOld	http://www.d20srd.org/srd/monsters/monstersDrDw.htm
redDragonVeryOld	http://www.d20srd.org/srd/monsters/monstersDrDw.htm
blackDragonAncient	http://www.d20srd.org/srd/monsters/monstersDrDw.htm
blackDragonWyrm	http://www.d20srd.org/srd/monsters/monstersDrDw.htm
blackDragonGreatWyrm	http://www.d20srd.org/srd/monsters/monstersDrDw.htm
redDragonJuvenile	http://www.d20srd.org/srd/monsters/monstersDrDw.htm
redDragonYoungAdult	http://www.d20srd.org/srd/monsters/monstersDrDw.htm
redDragonAdult	http://www.d20srd.org/srd/monsters/monstersDrDw.htm
goldDragonWyrmling	http://www.d20srd.org/srd/monsters/monstersDrDw.htm
goldDragonVeryYoung	http://www.d20srd.org/srd/monsters/monstersDrDw.htm
goldDragonYoung	http://www.d20srd.org/srd/monsters/monstersDrDw.htm
bronzeDragonWyrmling	http://www.d20srd.org/srd/monsters/monstersDrDw.htm
bronzeDragonVeryYoung	http://www.d20srd.org/srd/monsters/monstersDrDw.htm
bronzeDragonYoung	http://www.d20srd.org/srd/monsters/monstersDrDw.htm
blackDragonMatureAdult	http://www.d20srd.org/srd/monsters/monstersDrDw.htm
blackDragonOld	http://www.d20srd.org/srd/monsters/monstersDrDw.htm
blackDragonVeryOld	http://www.d20srd.org/srd/monsters/monstersDrDw.htm
bronzeDragonJuvenile	http://www.d20srd.org/srd/monsters/monstersDrDw.htm
bronzeDragonYoungAdult	http://www.d20srd.org/srd/monsters/monstersDrDw.htm
bronzeDragonAdult	http://www.d20srd.org/srd/monsters/monstersDrDw.htm
goldDragonJuvenile	http://www.d20srd.org/srd/monsters/monstersDrDw.htm
goldDragonYoungAdult	http://www.d20srd.org/srd/monsters/monstersDrDw.htm
goldDragonAdult	http://www.d20srd.org/srd/monsters/monstersDrDw.htm
silverDragonAncient	http://www.d20srd.org/srd/monsters/monstersDrDw.htm
silverDragonWyrm	http://www.d20srd.org/srd/monsters/monstersDrDw.htm
silverDragonGreatWyrm	http://www.d20srd.org/srd/monsters/monstersDrDw.htm
blackDragonWyrmling	http://www.d20srd.org/srd/monsters/monstersDrDw.htm
blackDragonVeryYoung	http://www.d20srd.org/srd/monsters/monstersDrDw.htm
blackDragonYoung	http://www.d20srd.org/srd/monsters/monstersDrDw.htm
silverDragonJuvenile	http://www.d20srd.org/srd/monsters/monstersDrDw.htm
silverDragonYoungAdult	http://www.d20srd.org/srd/monsters/monstersDrDw.htm
silverDragonAdult	http://www.d20srd.org/srd/monsters/monstersDrDw.htm
redDragonWyrmling	http://www.d20srd.org/srd/monsters/monstersDrDw.htm
redDragonVeryYoung	http://www.d20srd.org/srd/monsters/monstersDrDw.htm
redDragonYoung	http://www.d20srd.org/srd/monsters/monstersDrDw.htm
blueDragonMatureAdult	http://www.d20srd.org/srd/monsters/monstersDrDw.htm
blueDragonOld	http://www.d20srd.org/srd/monsters/monstersDrDw.htm
blueDragonVeryOld	http://www.d20srd.org/srd/monsters/monstersDrDw.htm
whiteDragonMatureAdult	http://www.d20srd.org/srd/monsters/monstersDrDw.htm
whiteDragonOld	http://www.d20srd.org/srd/monsters/monstersDrDw.htm
whiteDragonVeryOld	http://www.d20srd.org/srd/monsters/monstersDrDw.htm
greenDragonJuvenile	http://www.d20srd.org/srd/monsters/monstersDrDw.htm
greenDragonYoungAdult	http://www.d20srd.org/srd/monsters/monstersDrDw.htm
greenDragonAdult	http://www.d20srd.org/srd/monsters/monstersDrDw.htm
silverDragonWyrmling	http://www.d20srd.org/srd/monsters/monstersDrDw.htm
silverDragonVeryYoung	http://www.d20srd.org/srd/monsters/monstersDrDw.htm
silverDragonYoung	http://www.d20srd.org/srd/monsters/monstersDrDw.htm
blackDragonJuvenile	http://www.d20srd.org/srd/monsters/monstersDrDw.htm
blackDragonYoungAdult	http://www.d20srd.org/srd/monsters/monstersDrDw.htm
blackDragonAdult	http://www.d20srd.org/srd/monsters/monstersDrDw.htm
copperDragonJuvenile	http://www.d20srd.org/srd/monsters/monstersDrDw.htm
copperDragonYoungAdult	http://www.d20srd.org/srd/monsters/monstersDrDw.htm
copperDragonAdult	http://www.d20srd.org/srd/monsters/monstersDrDw.htm
brassDragonWyrmling	http://www.d20srd.org/srd/monsters/monstersDrDw.htm
brassDragonVeryYoung	http://www.d20srd.org/srd/monsters/monstersDrDw.htm
brassDragonYoung	http://www.d20srd.org/srd/monsters/monstersDrDw.htm
goldDragonAncient	http://www.d20srd.org/srd/monsters/monstersDrDw.htm
goldDragonWyrm	http://www.d20srd.org/srd/monsters/monstersDrDw.htm
goldDragonGreatWyrm	http://www.d20srd.org/srd/monsters/monstersDrDw.htm
copperDragonAncient	http://www.d20srd.org/srd/monsters/monstersDrDw.htm
copperDragonWyrm	http://www.d20srd.org/srd/monsters/monstersDrDw.htm
copperDragonGreatWyrm	http://www.d20srd.org/srd/monsters/monstersDrDw.htm
blueDragonJuvenile	http://www.d20srd.org/srd/monsters/monstersDrDw.htm
blueDragonYoungAdult	http://www.d20srd.org/srd/monsters/monstersDrDw.htm
blueDragonAdult	http://www.d20srd.org/srd/monsters/monstersDrDw.htm
greenDragonAncient	http://www.d20srd.org/srd/monsters/monstersDrDw.htm
greenDragonWyrm	http://www.d20srd.org/srd/monsters/monstersDrDw.htm
greenDragonGreatWyrm	http://www.d20srd.org/srd/monsters/monstersDrDw.htm
copperDragonWyrmling	http://www.d20srd.org/srd/monsters/monstersDrDw.htm
copperDragonVeryYoung	http://www.d20srd.org/srd/monsters/monstersDrDw.htm
copperDragonYoung	http://www.d20srd.org/srd/monsters/monstersDrDw.htm
greenDragonMatureAdult	http://www.d20srd.org/srd/monsters/monstersDrDw.htm
greenDragonOld	http://www.d20srd.org/srd/monsters/monstersDrDw.htm
greenDragonVeryOld	http://www.d20srd.org/srd/monsters/monstersDrDw.htm
goldDragonMatureAdult	http://www.d20srd.org/srd/monsters/monstersDrDw.htm
goldDragonOld	http://www.d20srd.org/srd/monsters/monstersDrDw.htm
goldDragonVeryOld	http://www.d20srd.org/srd/monsters/monstersDrDw.htm
redDragonAncient	http://www.d20srd.org/srd/monsters/monstersDrDw.htm
redDragonWyrm	http://www.d20srd.org/srd/monsters/monstersDrDw.htm
redDragonGreatWyrm	http://www.d20srd.org/srd/monsters/monstersDrDw.htm
whiteDragonWyrmling	http://www.d20srd.org/srd/monsters/monstersDrDw.htm
whiteDragonVeryYoung	http://www.d20srd.org/srd/monsters/monstersDrDw.htm
whiteDragonYoung	http://www.d20srd.org/srd/monsters/monstersDrDw.htm
blueDragonWyrmling	http://www.d20srd.org/srd/monsters/monstersDrDw.htm
blueDragonVeryYoung	http://www.d20srd.org/srd/monsters/monstersDrDw.htm
blueDragonYoung	http://www.d20srd.org/srd/monsters/monstersDrDw.htm
brassDragonJuvenile	http://www.d20srd.org/srd/monsters/monstersDrDw.htm
brassDragonYoungAdult	http://www.d20srd.org/srd/monsters/monstersDrDw.htm
brassDragonAdult	http://www.d20srd.org/srd/monsters/monstersDrDw.htm
silverDragonMatureAdult	http://www.d20srd.org/srd/monsters/monstersDrDw.htm
silverDragonOld	http://www.d20srd.org/srd/monsters/monstersDrDw.htm
silverDragonVeryOld	http://www.d20srd.org/srd/monsters/monstersDrDw.htm
brassDragonMatureAdult	http://www.d20srd.org/srd/monsters/monstersDrDw.htm
brassDragonOld	http://www.d20srd.org/srd/monsters/monstersDrDw.htm
brassDragonVeryOld	http://www.d20srd.org/srd/monsters/monstersDrDw.htm
brassDragonAncient	http://www.d20srd.org/srd/monsters/monstersDrDw.htm
brassDragonWyrm	http://www.d20srd.org/srd/monsters/monstersDrDw.htm
brassDragonGreatWyrm	http://www.d20srd.org/srd/monsters/monstersDrDw.htm
copperDragonMatureAdult	http://www.d20srd.org/srd/monsters/monstersDrDw.htm
copperDragonOld	http://www.d20srd.org/srd/monsters/monstersDrDw.htm
copperDragonVeryOld	http://www.d20srd.org/srd/monsters/monstersDrDw.htm
bronzeDragonAncient	http://www.d20srd.org/srd/monsters/monstersDrDw.htm
bronzeDragonWyrm	http://www.d20srd.org/srd/monsters/monstersDrDw.htm
bronzeDragonGreatWyrm	http://www.d20srd.org/srd/monsters/monstersDrDw.htm
greenDragonWyrmling	http://www.d20srd.org/srd/monsters/monstersDrDw.htm
greenDragonVeryYoung	http://www.d20srd.org/srd/monsters/monstersDrDw.htm
greenDragonYoung	http://www.d20srd.org/srd/monsters/monstersDrDw.htm
dragonTurtle	http://www.d20srd.org/srd/monsters/dragonTurtle.htm
dragonne	http://www.d20srd.org/srd/monsters/dragonne.htm
drider	http://www.d20srd.org/srd/monsters/drider.htm
dryad	http://www.d20srd.org/srd/monsters/dryad.htm
dwarf1stLevelWarrior	http://www.d20srd.org/srd/monsters/dwarf.htm
duergar1stLevelWarrior	http://www.d20srd.org/srd/monsters/dwarf.htm
eagleGiant	http://www.d20srd.org/srd/monsters/monstersEF.htm
earthElementalSmall	http://www.d20srd.org/srd/monsters/elemental.htm
earthElementalMedium	http://www.d20srd.org/srd/monsters/elemental.htm
earthElementalLarge	http://www.d20srd.org/srd/monsters/elemental.htm
airElementalHuge	http://www.d20srd.org/srd/monsters/elemental.htm
airElementalGreater	http://www.d20srd.org/srd/monsters/elemental.htm
airElementalElder	http://www.d20srd.org/srd/monsters/elemental.htm
fireElementalHuge	http://www.d20srd.org/srd/monsters/elemental.htm
fireElementalGreater	http://www.d20srd.org/srd/monsters/elemental.htm
fireElementalElder	http://www.d20srd.org/srd/monsters/elemental.htm
earthElementalHuge	http://www.d20srd.org/srd/monsters/elemental.htm
earthElementalGreater	http://www.d20srd.org/srd/monsters/elemental.htm
earthElementalElder	http://www.d20srd.org/srd/monsters/elemental.htm
airElementalSmall	http://www.d20srd.org/srd/monsters/elemental.htm
airElementalMedium	http://www.d20srd.org/srd/monsters/elemental.htm
airElementalLarge	http://www.d20srd.org/srd/monsters/elemental.htm
waterElementalSmall	http://www.d20srd.org/srd/monsters/elemental.htm
waterElementalMedium	http://www.d20srd.org/srd/monsters/elemental.htm
waterElementalLarge	http://www.d20srd.org/srd/monsters/elemental.htm
fireElementalSmall	http://www.d20srd.org/srd/monsters/elemental.htm
fireElementalMedium	http://www.d20srd.org/srd/monsters/elemental.htm
fireElementalLarge	http://www.d20srd.org/srd/monsters/elemental.htm
waterElementalHuge	http://www.d20srd.org/srd/monsters/elemental.htm
waterElementalGreater	http://www.d20srd.org/srd/monsters/elemental.htm
waterElementalElder	http://www.d20srd.org/srd/monsters/elemental.htm
elf1stLevelWarrior	http://www.d20srd.org/srd/monsters/elf.htm
drow1stLevelWarrior	http://www.d20srd.org/srd/monsters/elf.htm
etherealFilcher	http://www.d20srd.org/srd/monsters/etherealFilcher.htm
etherealMarauder	http://www.d20srd.org/srd/monsters/etherealMarauder.htm
ettercap	http://www.d20srd.org/srd/monsters/ettercap.htm
ettin	http://www.d20srd.org/srd/monsters/ettin.htm
formianWorker	http://www.d20srd.org/srd/monsters/formian.htm
formianWarrior	http://www.d20srd.org/srd/monsters/formian.htm
formianTaskmaster	http://www.d20srd.org/srd/monsters/formian.htm
formianMyrmarch	http://www.d20srd.org/srd/monsters/formian.htm
formianQueen	http://www.d20srd.org/srd/monsters/formian.htm
frostWorm	http://www.d20srd.org/srd/monsters/frostWorm.htm
shrieker	http://www.d20srd.org/srd/monsters/fungus.htm
violetFungus	http://www.d20srd.org/srd/monsters/fungus.htm
gargoyle	http://www.d20srd.org/srd/monsters/monstersG.htm
djinni	http://www.d20srd.org/srd/monsters/genie.htm
efreeti	http://www.d20srd.org/srd/monsters/genie.htm
janni	http://www.d20srd.org/srd/monsters/genie.htm
ghaele	http://www.d20srd.org/srd/monsters/ghaele.htm
ghoul	http://www.d20srd.org/srd/monsters/ghoul.htm
ghast	http://www.d20srd.org/srd/monsters/ghoul.htm
stormGiant	http://www.d20srd.org/srd/monsters/giant.htm
fireGiant	http://www.d20srd.org/srd/monsters/giant.htm
cloudGiant	http://www.d20srd.org/srd/monsters/giant.htm
hillGiant	http://www.d20srd.org/srd/monsters/giant.htm
frostGiant	http://www.d20srd.org/srd/monsters/giant.htm
frostGiantJarl8thLevelBlackguard	http://www.d20srd.org/srd/monsters/giant.htm
stoneGiant	http://www.d20srd.org/srd/monsters/giant.htm
gibberingMouther	http://www.d20srd.org/srd/monsters/gibberingMouther.htm
girallon	http://www.d20srd.org/srd/monsters/girallon.htm
gnoll	http://www.d20srd.org/srd/monsters/gnoll.htm
gnome1stLevelWarrior	http://www.d20srd.org/srd/monsters/gnome.htm
svirfneblin1stLevelWarrior	http://www.d20srd.org/srd/monsters/gnome.htm
goblin1stLevelWarrior	http://www.d20srd.org/srd/monsters/goblin.htm
clayGolem	http://www.d20srd.org/srd/monsters/golem.htm
fleshGolem	http://www.d20srd.org/srd/monsters/golem.htm
ironGolem	http://www.d20srd.org/srd/monsters/golem.htm
stoneGolem	http://www.d20srd.org/srd/monsters/golem.htm
greaterStoneGolem	http://www.d20srd.org/srd/monsters/golem.htm
gorgon	http://www.d20srd.org/srd/monsters/gorgon.htm
grayRender	http://www.d20srd.org/srd/monsters/grayRender.htm
grick	http://www.d20srd.org/srd/monsters/grick.htm
griffon	http://www.d20srd.org/srd/monsters/griffon.htm
grimlock	http://www.d20srd.org/srd/monsters/grimlock.htm
annis	http://www.d20srd.org/srd/monsters/monstersHI.htm
greenHag	http://www.d20srd.org/srd/monsters/monstersHI.htm
seaHag	http://www.d20srd.org/srd/monsters/monstersHI.htm
halfling1stLevelWarrior	http://www.d20srd.org/srd/monsters/halfling.htm
harpy	http://www.d20srd.org/srd/monsters/harpy.htm
harpyArcher7thLevelFighter	http://www.d20srd.org/srd/monsters/harpy.htm
hellhound	http://www.d20srd.org/srd/monsters/hellHound.htm
nessianWarhound	http://www.d20srd.org/srd/monsters/hellHound.htm
hippogriff	http://www.d20srd.org/srd/monsters/hippogriff.htm
hobgoblin1stLevelWarrior	http://www.d20srd.org/srd/monsters/hobgoblin.htm
homunculus	http://www.d20srd.org/srd/monsters/homunculus.htm
howler	http://www.d20srd.org/srd/monsters/howler.htm
fiveHeadedHydra	http://www.d20srd.org/srd/monsters/hydra.htm
sixHeadedHydra	http://www.d20srd.org/srd/monsters/hydra.htm
sevenHeadedHydra	http://www.d20srd.org/srd/monsters/hydra.htm
eightHeadedHydra	http://www.d20srd.org/srd/monsters/hydra.htm
nineHeadedHydra	http://www.d20srd.org/srd/monsters/hydra.htm
tenHeadedHydra	http://www.d20srd.org/srd/monsters/hydra.htm
elevenHeadedHydra	http://www.d20srd.org/srd/monsters/hydra.htm
twelveHeadedHydra	http://www.d20srd.org/srd/monsters/hydra.htm
kolyarut	http://www.d20srd.org/srd/monsters/inevitable.htm
marut	http://www.d20srd.org/srd/monsters/inevitable.htm
zelekhut	http://www.d20srd.org/srd/monsters/inevitable.htm
invisibleStalker	http://www.d20srd.org/srd/monsters/invisibleStalker.htm
kobold1stLevelWarrior	http://www.d20srd.org/srd/monsters/monstersKL.htm
kraken	http://www.d20srd.org/srd/monsters/kraken.htm
krenshar	http://www.d20srd.org/srd/monsters/krenshar.htm
lamia	http://www.d20srd.org/srd/monsters/lamia.htm
lammasu	http://www.d20srd.org/srd/monsters/lammasu.htm
goldenProtectorCelestialHalfDragonLammasu	http://www.d20srd.org/srd/monsters/lammasu.htm
leonal	http://www.d20srd.org/srd/monsters/leonal.htm
lillend	http://www.d20srd.org/srd/monsters/lillend.htm
lizardfolk	http://www.d20srd.org/srd/monsters/lizardfolk.htm
locathah	http://www.d20srd.org/srd/monsters/locathah.htm
werewolfLordHumanForm	http://www.d20srd.org/srd/monsters/lycanthrope.htm
werewolfLordDireWolfForm	http://www.d20srd.org/srd/monsters/lycanthrope.htm
werewolfLordHybridForm	http://www.d20srd.org/srd/monsters/lycanthrope.htm
wereratHumanForm	http://www.d20srd.org/srd/monsters/lycanthrope.htm
wereratDireRatForm	http://www.d20srd.org/srd/monsters/lycanthrope.htm
wereratHybridForm	http://www.d20srd.org/srd/monsters/lycanthrope.htm
werewolfHumanForm	http://www.d20srd.org/srd/monsters/lycanthrope.htm
werewolfWolfForm	http://www.d20srd.org/srd/monsters/lycanthrope.htm
werewolfHybridForm	http://www.d20srd.org/srd/monsters/lycanthrope.htm
weretigerHumanForm	http://www.d20srd.org/srd/monsters/lycanthrope.htm
weretigerTigerForm	http://www.d20srd.org/srd/monsters/lycanthrope.htm
weretigerHybridForm	http://www.d20srd.org/srd/monsters/lycanthrope.htm
wereboarHumanForm	http://www.d20srd.org/srd/monsters/lycanthrope.htm
wereboarBoarForm	http://www.d20srd.org/srd/monsters/lycanthrope.htm
wereboarHybridForm	http://www.d20srd.org/srd/monsters/lycanthrope.htm
hillGiantDireWereboarGiantForm	http://www.d20srd.org/srd/monsters/lycanthrope.htm
hillGiantDireWereboarDireBoarForm	http://www.d20srd.org/srd/monsters/lycanthrope.htm
hillGiantDireWereboarHybridBoarForm	http://www.d20srd.org/srd/monsters/lycanthrope.htm
werebearHumanForm	http://www.d20srd.org/srd/monsters/lycanthrope.htm
werebearBearForm	http://www.d20srd.org/srd/monsters/lycanthrope.htm
werebearHybridForm	http://www.d20srd.org/srd/monsters/lycanthrope.htm
magmin	http://www.d20srd.org/srd/monsters/monstersMN.htm
manticore	http://www.d20srd.org/srd/monsters/manticore.htm
ogre	http://www.d20srd.org/srd/monsters/monstersOR.htm
ogre4thLevelBarbarian	http://www.d20srd.org/srd/monsters/monstersOR.htm
medusa	http://www.d20srd.org/srd/monsters/medusa.htm
earthMephit	http://www.d20srd.org/srd/monsters/mephit.htm
oozeMephit	http://www.d20srd.org/srd/monsters/mephit.htm
waterMephit	http://www.d20srd.org/srd/monsters/mephit.htm
airMephit	http://www.d20srd.org/srd/monsters/mephit.htm
magmaMephit	http://www.d20srd.org/srd/monsters/mephit.htm
dustMephit	http://www.d20srd.org/srd/monsters/mephit.htm
fireMephit	http://www.d20srd.org/srd/monsters/mephit.htm
saltMephit	http://www.d20srd.org/srd/monsters/mephit.htm
steamMephit	http://www.d20srd.org/srd/monsters/mephit.htm
iceMephit	http://www.d20srd.org/srd/monsters/mephit.htm
merfolk1stLevelWarrior	http://www.d20srd.org/srd/monsters/merfolk.htm
mimic	http://www.d20srd.org/srd/monsters/mimic.htm
minotaur	http://www.d20srd.org/srd/monsters/minotaur.htm
mohrg	http://www.d20srd.org/srd/monsters/mohrg.htm
mummy	http://www.d20srd.org/srd/monsters/mummy.htm
mummyLord10thLevelCleric	http://www.d20srd.org/srd/monsters/mummy.htm
darkNaga	http://www.d20srd.org/srd/monsters/naga.htm
guardianNaga	http://www.d20srd.org/srd/monsters/naga.htm
spiritNaga	http://www.d20srd.org/srd/monsters/naga.htm
waterNaga	http://www.d20srd.org/srd/monsters/naga.htm
nightHag	http://www.d20srd.org/srd/monsters/nightHag.htm
nightmare	http://www.d20srd.org/srd/monsters/nightmare.htm
nightmareCauchemar	http://www.d20srd.org/srd/monsters/nightmare.htm
nightcrawler	http://www.d20srd.org/srd/monsters/nightshade.htm
nightwalker	http://www.d20srd.org/srd/monsters/nightshade.htm
nightwing	http://www.d20srd.org/srd/monsters/nightshade.htm
nymph	http://www.d20srd.org/srd/monsters/nymph.htm
ogreMage	http://www.d20srd.org/srd/monsters/ogreMage.htm
blackPudding	http://www.d20srd.org/srd/monsters/ooze.htm
elderBlackPudding	http://www.d20srd.org/srd/monsters/ooze.htm
gelatinousCube	http://www.d20srd.org/srd/monsters/ooze.htm
ochreJelly	http://www.d20srd.org/srd/monsters/ooze.htm
grayOoze	http://www.d20srd.org/srd/monsters/ooze.htm
orc1stLevelWarrior	http://www.d20srd.org/srd/monsters/orc.htm
otyugh	http://www.d20srd.org/srd/monsters/otyugh.htm
owlGiant	http://www.d20srd.org/srd/monsters/owlGiant.htm
owlbear	http://www.d20srd.org/srd/monsters/owlbear.htm
pegasus	http://www.d20srd.org/srd/monsters/pegasus.htm
phantomFungus	http://www.d20srd.org/srd/monsters/phantomFungus.htm
phaseSpider	http://www.d20srd.org/srd/monsters/phaseSpider.htm
phasm	http://www.d20srd.org/srd/monsters/phasm.htm
aasimar1stLevelWarrior	http://www.d20srd.org/srd/monsters/planetouched.htm
tiefling1stLevelWarrior	http://www.d20srd.org/srd/monsters/planetouched.htm
pseudodragon	http://www.d20srd.org/srd/monsters/pseudodragon.htm
purpleWorm	http://www.d20srd.org/srd/monsters/purpleWorm.htm
rakshasa	http://www.d20srd.org/srd/monsters/rakshasa.htm
rast	http://www.d20srd.org/srd/monsters/rast.htm
ravid	http://www.d20srd.org/srd/monsters/ravid.htm
remorhaz	http://www.d20srd.org/srd/monsters/remorhaz.htm
roc	http://www.d20srd.org/srd/monsters/roc.htm
roper	http://www.d20srd.org/srd/monsters/roper.htm
rustMonster	http://www.d20srd.org/srd/monsters/rustMonster.htm
sahuagin	http://www.d20srd.org/srd/monsters/monstersS.htm
flamebrotherSalamander	http://www.d20srd.org/srd/monsters/salamander.htm
averageSalamander	http://www.d20srd.org/srd/monsters/salamander.htm
nobleSalamander	http://www.d20srd.org/srd/monsters/salamander.htm
satyr	http://www.d20srd.org/srd/monsters/satyr.htm
seaCat	http://www.d20srd.org/srd/monsters/seaCat.htm
shadow	http://www.d20srd.org/srd/monsters/shadow.htm
greaterShadow	http://www.d20srd.org/srd/monsters/shadow.htm
shadowMastiff	http://www.d20srd.org/srd/monsters/shadowMastiff.htm
shamblingMound	http://www.d20srd.org/srd/monsters/shamblingMound.htm
shieldGuardian	http://www.d20srd.org/srd/monsters/shieldGuardian.htm
shockerLizard	http://www.d20srd.org/srd/monsters/shockerLizard.htm
humanWarriorSkeleton	http://www.d20srd.org/srd/monsters/skeleton.htm
wolfSkeleton	http://www.d20srd.org/srd/monsters/skeleton.htm
owlbearSkeleton	http://www.d20srd.org/srd/monsters/skeleton.htm
trollSkeleton	http://www.d20srd.org/srd/monsters/skeleton.htm
chimeraSkeleton	http://www.d20srd.org/srd/monsters/skeleton.htm
ettinSkeleton	http://www.d20srd.org/srd/monsters/skeleton.htm
advancedMegaraptorSkeleton	http://www.d20srd.org/srd/monsters/skeleton.htm
cloudGiantSkeleton	http://www.d20srd.org/srd/monsters/skeleton.htm
youngAdultRedDragonSkeleton	http://www.d20srd.org/srd/monsters/skeleton.htm
skum	http://www.d20srd.org/srd/monsters/skum.htm
spectre	http://www.d20srd.org/srd/monsters/spectre.htm
androsphinx	http://www.d20srd.org/srd/monsters/sphinx.htm
criosphinx	http://www.d20srd.org/srd/monsters/sphinx.htm
gynosphinx	http://www.d20srd.org/srd/monsters/sphinx.htm
hieracosphinx	http://www.d20srd.org/srd/monsters/sphinx.htm
spiderEater	http://www.d20srd.org/srd/monsters/spiderEater.htm
grig	http://www.d20srd.org/srd/monsters/sprite.htm
nixie	http://www.d20srd.org/srd/monsters/sprite.htm
pixie	http://www.d20srd.org/srd/monsters/sprite.htm
stirge	http://www.d20srd.org/srd/monsters/stirge.htm
centipedeSwarm	http://www.d20srd.org/srd/monsters/swarm.htm
ratSwarm	http://www.d20srd.org/srd/monsters/swarm.htm
locustSwarm	http://www.d20srd.org/srd/monsters/swarm.htm
hellwaspSwarm	http://www.d20srd.org/srd/monsters/swarm.htm
batSwarm	http://www.d20srd.org/srd/monsters/swarm.htm
spiderSwarm	http://www.d20srd.org/srd/monsters/swarm.htm
tarrasque	http://www.d20srd.org/srd/monsters/monstersTZ.htm
tendriculos	http://www.d20srd.org/srd/monsters/tendriculos.htm
thoqqua	http://www.d20srd.org/srd/monsters/thoqqua.htm
titan	http://www.d20srd.org/srd/monsters/titan.htm
juvenileTojanida	http://www.d20srd.org/srd/monsters/tojanida.htm
adultTojanida	http://www.d20srd.org/srd/monsters/tojanida.htm
elderTojanida	http://www.d20srd.org/srd/monsters/tojanida.htm
treant	http://www.d20srd.org/srd/monsters/treant.htm
triton	http://www.d20srd.org/srd/monsters/triton.htm
troglodyte	http://www.d20srd.org/srd/monsters/troglodyte.htm
troll	http://www.d20srd.org/srd/monsters/troll.htm
trollHunter6thLevelRanger	http://www.d20srd.org/srd/monsters/troll.htm
unicorn	http://www.d20srd.org/srd/monsters/unicorn.htm
celestialCharger7thLevelCleric	http://www.d20srd.org/srd/monsters/unicorn.htm
vampireSpawn	http://www.d20srd.org/srd/monsters/vampire.htm
vargouille	http://www.d20srd.org/srd/monsters/vargouille.htm
wight	http://www.d20srd.org/srd/monsters/wight.htm
willOWisp	http://www.d20srd.org/srd/monsters/willOWisp.htm
winterWolf	http://www.d20srd.org/srd/monsters/winterWolf.htm
worg	http://www.d20srd.org/srd/monsters/worg.htm
wraith	http://www.d20srd.org/srd/monsters/wraith.htm
dreadWraith	http://www.d20srd.org/srd/monsters/wraith.htm
wyvern	http://www.d20srd.org/srd/monsters/wyvern.htm
xill	http://www.d20srd.org/srd/monsters/xill.htm
minorXorn	http://www.d20srd.org/srd/monsters/xorn.htm
averageXorn	http://www.d20srd.org/srd/monsters/xorn.htm
elderXorn	http://www.d20srd.org/srd/monsters/xorn.htm
yethHound	http://www.d20srd.org/srd/monsters/yethHound.htm
yrthak	http://www.d20srd.org/srd/monsters/yrthak.htm
koboldZombie	http://www.d20srd.org/srd/monsters/zombie.htm
humanCommonerZombie	http://www.d20srd.org/srd/monsters/zombie.htm
troglodyteZombie	http://www.d20srd.org/srd/monsters/zombie.htm
bugbearZombie	http://www.d20srd.org/srd/monsters/zombie.htm
ogreZombie	http://www.d20srd.org/srd/monsters/zombie.htm
minotaurZombie	http://www.d20srd.org/srd/monsters/zombie.htm
wyvernZombie	http://www.d20srd.org/srd/monsters/zombie.htm
grayRenderZombie	http://www.d20srd.org/srd/monsters/zombie.htm
ape	http://www.d20srd.org/srd/monsters/monstersAnimals.htm
baboon	http://www.d20srd.org/srd/monsters/baboon.htm
badger	http://www.d20srd.org/srd/monsters/badger.htm
bat	http://www.d20srd.org/srd/monsters/bat.htm
bearBlack	http://www.d20srd.org/srd/monsters/bearBlack.htm
bearBrown	http://www.d20srd.org/srd/monsters/bearBrown.htm
bearPolar	http://www.d20srd.org/srd/monsters/bearPolar.htm
bison	http://www.d20srd.org/srd/monsters/bison.htm
boar	http://www.d20srd.org/srd/monsters/boar.htm
camel	http://www.d20srd.org/srd/monsters/camel.htm
cat	http://www.d20srd.org/srd/monsters/cat.htm
cheetah	http://www.d20srd.org/srd/monsters/cheetah.htm
crocodile	http://www.d20srd.org/srd/monsters/crocodile.htm
crocodileGiant	http://www.d20srd.org/srd/monsters/crocodileGiant.htm
dog	http://www.d20srd.org/srd/monsters/dog.htm
dogRiding	http://www.d20srd.org/srd/monsters/dogRiding.htm
donkey	http://www.d20srd.org/srd/monsters/donkey.htm
eagle	http://www.d20srd.org/srd/monsters/eagle.htm
elephant	http://www.d20srd.org/srd/monsters/elephant.htm
hawk	http://www.d20srd.org/srd/monsters/hawk.htm
horseHeavy	http://www.d20srd.org/srd/monsters/horse.htm
horseLight	http://www.d20srd.org/srd/monsters/horse.htm
warhorseHeavy	http://www.d20srd.org/srd/monsters/horse.htm
warhorseLight	http://www.d20srd.org/srd/monsters/horse.htm
hyena	http://www.d20srd.org/srd/monsters/hyena.htm
leopard	http://www.d20srd.org/srd/monsters/leopard.htm
lion	http://www.d20srd.org/srd/monsters/lion.htm
lizard	http://www.d20srd.org/srd/monsters/lizard.htm
lizardMonitor	http://www.d20srd.org/srd/monsters/lizardMonitor.htm
mantaRay	http://www.d20srd.org/srd/monsters/mantaRay.htm
monkey	http://www.d20srd.org/srd/monsters/monkey.htm
mule	http://www.d20srd.org/srd/monsters/mule.htm
octopus	http://www.d20srd.org/srd/monsters/octopus.htm
octopusGiant	http://www.d20srd.org/srd/monsters/octopusGiant.htm
owl	http://www.d20srd.org/srd/monsters/owl.htm
pony	http://www.d20srd.org/srd/monsters/pony.htm
ponyWar	http://www.d20srd.org/srd/monsters/ponyWar.htm
porpoise	http://www.d20srd.org/srd/monsters/porpoise.htm
rat	http://www.d20srd.org/srd/monsters/rat.htm
raven	http://www.d20srd.org/srd/monsters/raven.htm
rhinoceros	http://www.d20srd.org/srd/monsters/rhinoceros.htm
sharkMedium	http://www.d20srd.org/srd/monsters/shark.htm
sharkLarge	http://www.d20srd.org/srd/monsters/shark.htm
sharkHuge	http://www.d20srd.org/srd/monsters/shark.htm
constrictorSnake	http://www.d20srd.org/srd/monsters/snake.htm
constrictorSnakeGiant	http://www.d20srd.org/srd/monsters/snake.htm
snakeTinyViper	http://www.d20srd.org/srd/monsters/snake.htm
snakeSmallViper	http://www.d20srd.org/srd/monsters/snake.htm
snakeMediumViper	http://www.d20srd.org/srd/monsters/snake.htm
snakeLargeViper	http://www.d20srd.org/srd/monsters/snake.htm
snakeHugeViper	http://www.d20srd.org/srd/monsters/snake.htm
squid	http://www.d20srd.org/srd/monsters/squid.htm
squidGiant	http://www.d20srd.org/srd/monsters/squidGiant.htm
tiger	http://www.d20srd.org/srd/monsters/tiger.htm
toad	http://www.d20srd.org/srd/monsters/toad.htm
weasel	http://www.d20srd.org/srd/monsters/weasel.htm
baleenWhale	http://www.d20srd.org/srd/monsters/whale.htm
cachalotWhale	http://www.d20srd.org/srd/monsters/whale.htm
orca	http://www.d20srd.org/srd/monsters/whale.htm
wolf	http://www.d20srd.org/srd/monsters/wolf.htm
wolverine	http://www.d20srd.org/srd/monsters/wolverine.htm
giantAntWorker	http://www.d20srd.org/srd/monsters/monstersVermin.htm
giantAntSoldier	http://www.d20srd.org/srd/monsters/monstersVermin.htm
giantAntQueen	http://www.d20srd.org/srd/monsters/monstersVermin.htm
giantBee	http://www.d20srd.org/srd/monsters/giantBee.htm
giantBombardierBeetle	http://www.d20srd.org/srd/monsters/giantBombardierBeetle.htm
giantFireBeetle	http://www.d20srd.org/srd/monsters/giantFireBeetle.htm
giantStagBeetle	http://www.d20srd.org/srd/monsters/giantStagBeetle.htm
giantPrayingMantis	http://www.d20srd.org/srd/monsters/giantPrayingMantis.htm
giantWasp	http://www.d20srd.org/srd/monsters/giantWasp.htm
monstrousCentipedeTiny	http://www.d20srd.org/srd/monsters/monstrousCentipede.htm
monstrousCentipedeSmall	http://www.d20srd.org/srd/monsters/monstrousCentipede.htm
monstrousCentipedeMedium	http://www.d20srd.org/srd/monsters/monstrousCentipede.htm
monstrousCentipedeLarge	http://www.d20srd.org/srd/monsters/monstrousCentipede.htm
monstrousCentipedeHuge	http://www.d20srd.org/srd/monsters/monstrousCentipede.htm
monstrousCentipedeGargantuan	http://www.d20srd.org/srd/monsters/monstrousCentipede.htm
monstrousCentipedeColossal	http://www.d20srd.org/srd/monsters/monstrousCentipede.htm
monstrousScorpionTiny	http://www.d20srd.org/srd/monsters/monstrousScorpion.htm
monstrousScorpionSmall	http://www.d20srd.org/srd/monsters/monstrousScorpion.htm
monstrousScorpionMedium	http://www.d20srd.org/srd/monsters/monstrousScorpion.htm
monstrousScorpionLarge	http://www.d20srd.org/srd/monsters/monstrousScorpion.htm
monstrousScorpionHuge	http://www.d20srd.org/srd/monsters/monstrousScorpion.htm
monstrousScorpionGargantuan	http://www.d20srd.org/srd/monsters/monstrousScorpion.htm
monstrousScorpionColossal	http://www.d20srd.org/srd/monsters/monstrousScorpion.htm
monstrousSpiderTiny	http://www.d20srd.org/srd/epic/monsters/monstrousSpider.htm
monstrousSpiderSmall	http://www.d20srd.org/srd/epic/monsters/monstrousSpider.htm
monstrousSpiderMedium	http://www.d20srd.org/srd/epic/monsters/monstrousSpider.htm
monstrousSpiderLarge	http://www.d20srd.org/srd/epic/monsters/monstrousSpider.htm
monstrousSpiderHuge	http://www.d20srd.org/srd/epic/monsters/monstrousSpider.htm
monstrousSpiderGargantuan	http://www.d20srd.org/srd/epic/monsters/monstrousSpider.htm
monstrousSpiderColossal	http://www.d20srd.org/srd/epic/monsters/monstrousSpider.htm
chichimec	http://www.d20srd.org/srd/epic/monsters/epicMonstersAE.htm
hecatoncheires	http://www.d20srd.org/srd/epic/monsters/epicMonstersAE.htm
dreamLarva	http://www.d20srd.org/srd/epic/monsters/epicMonstersAE.htm
phane	http://www.d20srd.org/srd/epic/monsters/epicMonstersAE.htm
anaxim	http://www.d20srd.org/srd/epic/monsters/epicMonstersAE.htm
infernal	http://www.d20srd.org/srd/epic/monsters/epicMonstersAE.htm
phaethon	http://www.d20srd.org/srd/epic/monsters/epicMonstersAE.htm
atropal	http://www.d20srd.org/srd/epic/monsters/epicMonstersAE.htm
xixecal	http://www.d20srd.org/srd/epic/monsters/epicMonstersAE.htm
behemothEagle	http://www.d20srd.org/srd/epic/monsters/behemoth.htm
behemothGorilla	http://www.d20srd.org/srd/epic/monsters/behemoth.htm
brachyurus	http://www.d20srd.org/srd/epic/monsters/brachyurus.htm
stoneColossus	http://www.d20srd.org/srd/epic/monsters/colossus.htm
fleshColossus	http://www.d20srd.org/srd/epic/monsters/colossus.htm
ironColossus	http://www.d20srd.org/srd/epic/monsters/colossus.htm
demilich	http://www.d20srd.org/srd/epic/monsters/demilich.htm
devastationCentipede	http://www.d20srd.org/srd/epic/monsters/devastationVermin.htm
devastationSpider	http://www.d20srd.org/srd/epic/monsters/devastationVermin.htm
devastationScorpion	http://www.d20srd.org/srd/epic/monsters/devastationVermin.htm
devastationBeetle	http://www.d20srd.org/srd/epic/monsters/devastationVermin.htm
prismaticDragonWyrmling	http://www.d20srd.org/srd/epic/monsters/dragonEpic.htm
prismaticDragonVeryYoung	http://www.d20srd.org/srd/epic/monsters/dragonEpic.htm
prismaticDragonYoung	http://www.d20srd.org/srd/epic/monsters/dragonEpic.htm
forceDragonAncient	http://www.d20srd.org/srd/epic/monsters/dragonEpic.htm
forceDragonWyrm	http://www.d20srd.org/srd/epic/monsters/dragonEpic.htm
forceDragonGreatWyrm	http://www.d20srd.org/srd/epic/monsters/dragonEpic.htm
prismaticDragonJuvenile	http://www.d20srd.org/srd/epic/monsters/dragonEpic.htm
prismaticDragonYoungAdult	http://www.d20srd.org/srd/epic/monsters/dragonEpic.htm
prismaticDragonAdult	http://www.d20srd.org/srd/epic/monsters/dragonEpic.htm
prismaticDragonMatureAdult	http://www.d20srd.org/srd/epic/monsters/dragonEpic.htm
prismaticDragonOld	http://www.d20srd.org/srd/epic/monsters/dragonEpic.htm
prismaticDragonVeryOld	http://www.d20srd.org/srd/epic/monsters/dragonEpic.htm
forceDragonJuvenile	http://www.d20srd.org/srd/epic/monsters/dragonEpic.htm
forceDragonYoungAdult	http://www.d20srd.org/srd/epic/monsters/dragonEpic.htm
forceDragonAdult	http://www.d20srd.org/srd/epic/monsters/dragonEpic.htm
prismaticDragonAncient	http://www.d20srd.org/srd/epic/monsters/dragonEpic.htm
prismaticDragonWyrm	http://www.d20srd.org/srd/epic/monsters/dragonEpic.htm
prismaticDragonGreatWyrm	http://www.d20srd.org/srd/epic/monsters/dragonEpic.htm
forceDragonWyrmling	http://www.d20srd.org/srd/epic/monsters/dragonEpic.htm
forceDragonVeryYoung	http://www.d20srd.org/srd/epic/monsters/dragonEpic.htm
forceDragonYoung	http://www.d20srd.org/srd/epic/monsters/dragonEpic.htm
forceDragonMatureAdult	http://www.d20srd.org/srd/epic/monsters/dragonEpic.htm
forceDragonOld	http://www.d20srd.org/srd/epic/monsters/dragonEpic.htm
forceDragonVeryOld	http://www.d20srd.org/srd/epic/monsters/dragonEpic.htm
airElementalPrimal	http://www.d20srd.org/srd/epic/monsters/elementalPrimal.htm
earthElementalPrimal	http://www.d20srd.org/srd/epic/monsters/elementalPrimal.htm
fireElementalPrimal	http://www.d20srd.org/srd/epic/monsters/elementalPrimal.htm
waterElementalPrimal	http://www.d20srd.org/srd/epic/monsters/elementalPrimal.htm
geniusLoci	http://www.d20srd.org/srd/epic/monsters/epicMonstersGW.htm
gibberingOrb	http://www.d20srd.org/srd/epic/monsters/gibberingOrb.htm
gloom	http://www.d20srd.org/srd/epic/monsters/gloom.htm
mithralGolem	http://www.d20srd.org/srd/epic/monsters/golem.htm
adamantineGolem	http://www.d20srd.org/srd/epic/monsters/golem.htm
haNaga	http://www.d20srd.org/srd/epic/monsters/haNaga.htm
hagunemnon	http://www.d20srd.org/srd/epic/monsters/hagunemnonProtean.htm
hoaryHunter	http://www.d20srd.org/srd/epic/monsters/hoaryHunter.htm
hoarySteed	http://www.d20srd.org/srd/epic/monsters/hoaryHunter.htm
hoarySteed	http://www.d20srd.org/srd/epic/monsters/hoarySteed.htm
hunefer	http://www.d20srd.org/srd/epic/monsters/hunefer.htm
lavawight	http://www.d20srd.org/srd/epic/monsters/lavawight.htm
legendaryBear	http://www.d20srd.org/srd/epic/monsters/legendaryAnimal.htm
legendaryTiger	http://www.d20srd.org/srd/epic/monsters/legendaryAnimal.htm
leshay	http://www.d20srd.org/srd/epic/monsters/leshay.htm
livingVault	http://www.d20srd.org/srd/epic/monsters/livingVault.htm
mercane	http://www.d20srd.org/srd/epic/monsters/mercane.htm
muSpore	http://www.d20srd.org/srd/epic/monsters/muSpore.htm
nehThalggu	http://www.d20srd.org/srd/epic/monsters/nehThalgguBrainCollector.htm
prismasaurus	http://www.d20srd.org/srd/epic/monsters/prismasaurus.htm
pseudonaturalTroll	http://www.d20srd.org/srd/epic/monsters/pseudonaturalTroll.htm
ruinSwarm	http://www.d20srd.org/srd/epic/monsters/ruinSwarm.htm
shadowOfTheVoid	http://www.d20srd.org/srd/epic/monsters/shadowOfTheVoid.htm
shapeOfFire	http://www.d20srd.org/srd/epic/monsters/shapeOfFire.htm
sirrush	http://www.d20srd.org/srd/epic/monsters/sirrush.htm
threeHeadedSirrush	http://www.d20srd.org/srd/epic/monsters/sirrush.htm
tayellah	http://www.d20srd.org/srd/epic/monsters/tayellah.htm
thorciasid	http://www.d20srd.org/srd/epic/monsters/thorciasid.htm
titanElder	http://www.d20srd.org/srd/epic/monsters/titanElder.htm
treantElder	http://www.d20srd.org/srd/epic/monsters/treantElder.htm
umbralBlot	http://www.d20srd.org/srd/epic/monsters/umbralBlotBlackball.htm
uvuudaum	http://www.d20srd.org/srd/epic/monsters/uvuudaum.htm
vermiurge	http://www.d20srd.org/srd/epic/monsters/vermiurge.htm
winterwight	http://www.d20srd.org/srd/epic/monsters/winterwight.htm
wormThatWalks	http://www.d20srd.org/srd/epic/monsters/wormThatWalks.htm
abolethPsionic	http://www.d20srd.org/srd/psionic/monsters/abolethPsionic.htm
_4thLevelAstralConstruct	http://www.d20srd.org/srd/psionic/monsters/astralConstruct.htm
_3rdLevelAstralConstruct	http://www.d20srd.org/srd/psionic/monsters/astralConstruct.htm
_9thLevelAstralConstruct	http://www.d20srd.org/srd/psionic/monsters/astralConstruct.htm
_7thLevelAstralConstruct	http://www.d20srd.org/srd/psionic/monsters/astralConstruct.htm
_6thLevelAstralConstruct	http://www.d20srd.org/srd/psionic/monsters/astralConstruct.htm
_1stLevelAstralConstruct	http://www.d20srd.org/srd/psionic/monsters/astralConstruct.htm
_5thLevelAstralConstruct	http://www.d20srd.org/srd/psionic/monsters/astralConstruct.htm
_2ndLevelAstralConstruct	http://www.d20srd.org/srd/psionic/monsters/astralConstruct.htm
_8thLevelAstralConstruct	http://www.d20srd.org/srd/psionic/monsters/astralConstruct.htm
blue1stLevelPsionTelepath	http://www.d20srd.org/srd/psionic/monsters/blue.htm
brainMole	http://www.d20srd.org/srd/psionic/monsters/brainMole.htm
callerInDarkness	http://www.d20srd.org/srd/psionic/monsters/callerInDarkness.htm
cerebrilith	http://www.d20srd.org/srd/psionic/monsters/cerebrilith.htm
couatlPsionic	http://www.d20srd.org/srd/psionic/monsters/couatlPsionic.htm
crysmal	http://www.d20srd.org/srd/psionic/monsters/crysmal.htm
dromite1stLevelWarrior	http://www.d20srd.org/srd/psionic/monsters/dromite.htm
elan1stLevelWarrior	http://www.d20srd.org/srd/psionic/monsters/elan.htm
folugub	http://www.d20srd.org/srd/psionic/monsters/folugub.htm
grayGlutton	http://www.d20srd.org/srd/psionic/monsters/grayGlutton.htm
halfGiant1stLevelWarrior	http://www.d20srd.org/srd/psionic/monsters/halfGiant.htm
intellectDevourer	http://www.d20srd.org/srd/psionic/monsters/intellectDevourer.htm
maenad1stLevelWarrior	http://www.d20srd.org/srd/psionic/monsters/maenad.htm
neothelid	http://www.d20srd.org/srd/psionic/monsters/neothelid.htm
phthisic	http://www.d20srd.org/srd/psionic/monsters/phthisic.htm
psicrystal	http://www.d20srd.org/srd/psionic/monsters/psicrystal.htm
psionKiller	http://www.d20srd.org/srd/psionic/monsters/psionKiller.htm
puppeteer	http://www.d20srd.org/srd/psionic/monsters/puppeteer.htm
puppeteerFleshHarrower	http://www.d20srd.org/srd/psionic/monsters/puppeteer.htm
temporalFilcher	http://www.d20srd.org/srd/psionic/monsters/temporalFilcher.htm
thoughtEater	http://www.d20srd.org/srd/psionic/monsters/thoughtEater.htm
thoughtSlayer	http://www.d20srd.org/srd/psionic/monsters/thoughtSlayer.htm
udoroot	http://www.d20srd.org/srd/psionic/monsters/udoroot.htm
unbodied	http://www.d20srd.org/srd/psionic/monsters/unbodied.htm
xeph1stLevelWarrior	http://www.d20srd.org/srd/psionic/monsters/xeph.htm
