_1stLevelAstralConstruct	http://www.d20srd.org/srd/psionic/monsters/astralConstruct.htm	monstertext/astralConstruct.htm
_2ndLevelAstralConstruct	http://www.d20srd.org/srd/psionic/monsters/astralConstruct.htm	monstertext/astralConstruct.htm
_3rdLevelAstralConstruct	http://www.d20srd.org/srd/psionic/monsters/astralConstruct.htm	monstertext/astralConstruct.htm
_4thLevelAstralConstruct	http://www.d20srd.org/srd/psionic/monsters/astralConstruct.htm	monstertext/astralConstruct.htm
_5thLevelAstralConstruct	http://www.d20srd.org/srd/psionic/monsters/astralConstruct.htm	monstertext/astralConstruct.htm
_6thLevelAstralConstruct	http://www.d20srd.org/srd/psionic/monsters/astralConstruct.htm	monstertext/astralConstruct.htm
_7thLevelAstralConstruct	http://www.d20srd.org/srd/psionic/monsters/astralConstruct.htm	monstertext/astralConstruct.htm
_8thLevelAstralConstruct	http://www.d20srd.org/srd/psionic/monsters/astralConstruct.htm	monstertext/astralConstruct.htm
_9thLevelAstralConstruct	http://www.d20srd.org/srd/psionic/monsters/astralConstruct.htm	monstertext/astralConstruct.htm
aasimar1stLevelWarrior	http://www.d20srd.org/srd/monsters/planetouched.htm	monstertext/aasimar.htm
aboleth	http://www.d20srd.org/srd/monsters/aboleth.htm	monstertext/aboleth.htm
abolethMage10thLevelWizard	http://www.d20srd.org/srd/monsters/aboleth.htm	monstertext/aboleth.htm
abolethPsionic	http://www.d20srd.org/srd/psionic/monsters/abolethPsionic.htm	monstertext/abolethPsionic.htm
abyssalGreaterBasilisk	http://www.d20srd.org/srd/monsters/basilisk.htm	monstertext/basilisk.htm
achaierai	http://www.d20srd.org/srd/monsters/achaierai.htm	monstertext/achaierai.htm
adamantineGolem	http://www.d20srd.org/srd/epic/monsters/golem.htm	monstertext/golem.htm
adultArrowhawk	http://www.d20srd.org/srd/monsters/arrowhawk.htm	monstertext/arrowhawk.htm
adultTojanida	http://www.d20srd.org/srd/monsters/tojanida.htm	monstertext/tojanida.htm
advancedMegaraptorSkeleton	http://www.d20srd.org/srd/monsters/skeleton.htm	monstertext/skeleton.htm
airElementalElder	http://www.d20srd.org/srd/monsters/elemental.htm	monstertext/airElemental.htm
airElementalGreater	http://www.d20srd.org/srd/monsters/elemental.htm	monstertext/airElemental.htm
airElementalHuge	http://www.d20srd.org/srd/monsters/elemental.htm	monstertext/airElemental.htm
airElementalLarge	http://www.d20srd.org/srd/monsters/elemental.htm	monstertext/airElemental.htm
airElementalMedium	http://www.d20srd.org/srd/monsters/elemental.htm	monstertext/airElemental.htm
airElementalPrimal	http://www.d20srd.org/srd/epic/monsters/elementalPrimal.htm	monstertext/elementalPrimalAir.htm
airElementalSmall	http://www.d20srd.org/srd/monsters/elemental.htm	monstertext/airElemental.htm
airMephit	http://www.d20srd.org/srd/monsters/mephit.htm	monstertext/airMephit.htm
allip	http://www.d20srd.org/srd/monsters/allip.htm	monstertext/allip.htm
anaxim	http://www.d20srd.org/srd/epic/monsters/abomination.htm	monstertext/anaxim.htm
androsphinx	http://www.d20srd.org/srd/monsters/sphinx.htm	monstertext/androsphinx.htm
angelAstralDeva	http://www.d20srd.org/srd/monsters/angel.htm	monstertext/angelAstralDeva.htm
angelPlanetar	http://www.d20srd.org/srd/monsters/angel.htm	monstertext/angelPlanetar.htm
angelSolar	http://www.d20srd.org/srd/monsters/angel.htm	monstertext/angelSolar.htm
animatedObjectColossal	http://www.d20srd.org/srd/monsters/animatedObject.htm	monstertext/animatedObject.htm
animatedObjectGargantuan	http://www.d20srd.org/srd/monsters/animatedObject.htm	monstertext/animatedObject.htm
animatedObjectHuge	http://www.d20srd.org/srd/monsters/animatedObject.htm	monstertext/animatedObject.htm
animatedObjectLarge	http://www.d20srd.org/srd/monsters/animatedObject.htm	monstertext/animatedObject.htm
animatedObjectMedium	http://www.d20srd.org/srd/monsters/animatedObject.htm	monstertext/animatedObject.htm
animatedObjectSmall	http://www.d20srd.org/srd/monsters/animatedObject.htm	monstertext/animatedObject.htm
animatedObjectTiny	http://www.d20srd.org/srd/monsters/animatedObject.htm	monstertext/animatedObject.htm
ankheg	http://www.d20srd.org/srd/monsters/ankheg.htm	monstertext/ankheg.htm
annis	http://www.d20srd.org/srd/monsters/hag.htm	monstertext/annis.htm
ape	http://www.d20srd.org/srd/monsters/ape.htm	monstertext/ape.htm
aranea	http://www.d20srd.org/srd/monsters/aranea.htm	monstertext/aranea.htm
assassinVine	http://www.d20srd.org/srd/monsters/assassinVine.htm	monstertext/assassinVine.htm
athach	http://www.d20srd.org/srd/monsters/athach.htm	monstertext/athach.htm
atropal	http://www.d20srd.org/srd/epic/monsters/abomination.htm	monstertext/atropal.htm
averageSalamander	http://www.d20srd.org/srd/monsters/salamander.htm	monstertext/salamander.htm
averageXorn	http://www.d20srd.org/srd/monsters/xorn.htm	monstertext/xorn.htm
avoral	http://www.d20srd.org/srd/monsters/avoral.htm	monstertext/avoral.htm
azer	http://www.d20srd.org/srd/monsters/azer.htm	monstertext/azer.htm
babau	http://www.d20srd.org/srd/monsters/demon.htm	monstertext/babau.htm
baboon	http://www.d20srd.org/srd/monsters/baboon.htm	monstertext/baboon.htm
badger	http://www.d20srd.org/srd/monsters/badger.htm	monstertext/badger.htm
baleenWhale	http://www.d20srd.org/srd/monsters/whale.htm	monstertext/whale.htm
balor	http://www.d20srd.org/srd/monsters/demon.htm	monstertext/balor.htm
barbedDevil	http://www.d20srd.org/srd/monsters/devil.htm	monstertext/barbedDevil.htm
barghest	http://www.d20srd.org/srd/monsters/barghest.htm	monstertext/barghest.htm
basilisk	http://www.d20srd.org/srd/monsters/basilisk.htm	monstertext/basilisk.htm
bat	http://www.d20srd.org/srd/monsters/bat.htm	monstertext/bat.htm
batSwarm	http://www.d20srd.org/srd/monsters/swarm.htm	monstertext/batSwarm.htm
bearBlack	http://www.d20srd.org/srd/monsters/bearBlack.htm	monstertext/bearBlack.htm
bearBrown	http://www.d20srd.org/srd/monsters/bearBrown.htm	monstertext/bearBrown.htm
bearPolar	http://www.d20srd.org/srd/monsters/bearPolar.htm	monstertext/bearPolar.htm
beardedDevil	http://www.d20srd.org/srd/monsters/devil.htm	monstertext/beardedDevil.htm
bebilith	http://www.d20srd.org/srd/monsters/demon.htm	monstertext/bebilith.htm
behemothEagle	http://www.d20srd.org/srd/epic/monsters/behemoth.htm	monstertext/behemothEagle.htm
behemothGorilla	http://www.d20srd.org/srd/epic/monsters/behemoth.htm	monstertext/behemothGorilla.htm
behir	http://www.d20srd.org/srd/monsters/behir.htm	monstertext/behir.htm
belker	http://www.d20srd.org/srd/monsters/belker.htm	monstertext/belker.htm
bison	http://www.d20srd.org/srd/monsters/bison.htm	monstertext/bison.htm
blackDragonAdult	http://www.d20srd.org/srd/monsters/dragonTrue.htm	monstertext/blackDragon.htm
blackDragonAncient	http://www.d20srd.org/srd/monsters/dragonTrue.htm	monstertext/blackDragon.htm
blackDragonGreatWyrm	http://www.d20srd.org/srd/monsters/dragonTrue.htm	monstertext/blackDragon.htm
blackDragonJuvenile	http://www.d20srd.org/srd/monsters/dragonTrue.htm	monstertext/blackDragon.htm
blackDragonMatureAdult	http://www.d20srd.org/srd/monsters/dragonTrue.htm	monstertext/blackDragon.htm
blackDragonOld	http://www.d20srd.org/srd/monsters/dragonTrue.htm	monstertext/blackDragon.htm
blackDragonVeryOld	http://www.d20srd.org/srd/monsters/dragonTrue.htm	monstertext/blackDragon.htm
blackDragonVeryYoung	http://www.d20srd.org/srd/monsters/dragonTrue.htm	monstertext/blackDragon.htm
blackDragonWyrm	http://www.d20srd.org/srd/monsters/dragonTrue.htm	monstertext/blackDragon.htm
blackDragonWyrmling	http://www.d20srd.org/srd/monsters/dragonTrue.htm	monstertext/blackDragon.htm
blackDragonYoung	http://www.d20srd.org/srd/monsters/dragonTrue.htm	monstertext/blackDragon.htm
blackDragonYoungAdult	http://www.d20srd.org/srd/monsters/dragonTrue.htm	monstertext/blackDragon.htm
blackPudding	http://www.d20srd.org/srd/monsters/ooze.htm	monstertext/blackPudding.htm
blinkDog	http://www.d20srd.org/srd/monsters/blinkDog.htm	monstertext/blinkDog.htm
blue1stLevelPsionTelepath	http://www.d20srd.org/srd/psionic/monsters/blue.htm	monstertext/blue.htm
blueDragonAdult	http://www.d20srd.org/srd/monsters/dragonTrue.htm	monstertext/blueDragon.htm
blueDragonAncient	http://www.d20srd.org/srd/monsters/dragonTrue.htm	monstertext/blueDragon.htm
blueDragonGreatWyrm	http://www.d20srd.org/srd/monsters/dragonTrue.htm	monstertext/blueDragon.htm
blueDragonJuvenile	http://www.d20srd.org/srd/monsters/dragonTrue.htm	monstertext/blueDragon.htm
blueDragonMatureAdult	http://www.d20srd.org/srd/monsters/dragonTrue.htm	monstertext/blueDragon.htm
blueDragonOld	http://www.d20srd.org/srd/monsters/dragonTrue.htm	monstertext/blueDragon.htm
blueDragonVeryOld	http://www.d20srd.org/srd/monsters/dragonTrue.htm	monstertext/blueDragon.htm
blueDragonVeryYoung	http://www.d20srd.org/srd/monsters/dragonTrue.htm	monstertext/blueDragon.htm
blueDragonWyrm	http://www.d20srd.org/srd/monsters/dragonTrue.htm	monstertext/blueDragon.htm
blueDragonWyrmling	http://www.d20srd.org/srd/monsters/dragonTrue.htm	monstertext/blueDragon.htm
blueDragonYoung	http://www.d20srd.org/srd/monsters/dragonTrue.htm	monstertext/blueDragon.htm
blueDragonYoungAdult	http://www.d20srd.org/srd/monsters/dragonTrue.htm	monstertext/blueDragon.htm
boar	http://www.d20srd.org/srd/monsters/boar.htm	monstertext/boar.htm
bodak	http://www.d20srd.org/srd/monsters/bodak.htm	monstertext/bodak.htm
boneDevil	http://www.d20srd.org/srd/monsters/devil.htm	monstertext/boneDevil.htm
brachyurus	http://www.d20srd.org/srd/epic/monsters/brachyurus.htm	monstertext/brachyurus.htm
brainMole	http://www.d20srd.org/srd/psionic/monsters/brainMole.htm	monstertext/brainMole.htm
bralani	http://www.d20srd.org/srd/monsters/bralani.htm	monstertext/bralani.htm
brassDragonAdult	http://www.d20srd.org/srd/monsters/dragonTrue.htm	monstertext/brassDragon.htm
brassDragonAncient	http://www.d20srd.org/srd/monsters/dragonTrue.htm	monstertext/brassDragon.htm
brassDragonGreatWyrm	http://www.d20srd.org/srd/monsters/dragonTrue.htm	monstertext/brassDragon.htm
brassDragonJuvenile	http://www.d20srd.org/srd/monsters/dragonTrue.htm	monstertext/brassDragon.htm
brassDragonMatureAdult	http://www.d20srd.org/srd/monsters/dragonTrue.htm	monstertext/brassDragon.htm
brassDragonOld	http://www.d20srd.org/srd/monsters/dragonTrue.htm	monstertext/brassDragon.htm
brassDragonVeryOld	http://www.d20srd.org/srd/monsters/dragonTrue.htm	monstertext/brassDragon.htm
brassDragonVeryYoung	http://www.d20srd.org/srd/monsters/dragonTrue.htm	monstertext/brassDragon.htm
brassDragonWyrm	http://www.d20srd.org/srd/monsters/dragonTrue.htm	monstertext/brassDragon.htm
brassDragonWyrmling	http://www.d20srd.org/srd/monsters/dragonTrue.htm	monstertext/brassDragon.htm
brassDragonYoung	http://www.d20srd.org/srd/monsters/dragonTrue.htm	monstertext/brassDragon.htm
brassDragonYoungAdult	http://www.d20srd.org/srd/monsters/dragonTrue.htm	monstertext/brassDragon.htm
bronzeDragonAdult	http://www.d20srd.org/srd/monsters/dragonTrue.htm	monstertext/bronzeDragon.htm
bronzeDragonAncient	http://www.d20srd.org/srd/monsters/dragonTrue.htm	monstertext/bronzeDragon.htm
bronzeDragonGreatWyrm	http://www.d20srd.org/srd/monsters/dragonTrue.htm	monstertext/bronzeDragon.htm
bronzeDragonJuvenile	http://www.d20srd.org/srd/monsters/dragonTrue.htm	monstertext/bronzeDragon.htm
bronzeDragonMatureAdult	http://www.d20srd.org/srd/monsters/dragonTrue.htm	monstertext/bronzeDragon.htm
bronzeDragonOld	http://www.d20srd.org/srd/monsters/dragonTrue.htm	monstertext/bronzeDragon.htm
bronzeDragonVeryOld	http://www.d20srd.org/srd/monsters/dragonTrue.htm	monstertext/bronzeDragon.htm
bronzeDragonVeryYoung	http://www.d20srd.org/srd/monsters/dragonTrue.htm	monstertext/bronzeDragon.htm
bronzeDragonWyrm	http://www.d20srd.org/srd/monsters/dragonTrue.htm	monstertext/bronzeDragon.htm
bronzeDragonWyrmling	http://www.d20srd.org/srd/monsters/dragonTrue.htm	monstertext/bronzeDragon.htm
bronzeDragonYoung	http://www.d20srd.org/srd/monsters/dragonTrue.htm	monstertext/bronzeDragon.htm
bronzeDragonYoungAdult	http://www.d20srd.org/srd/monsters/dragonTrue.htm	monstertext/bronzeDragon.htm
bugbear	http://www.d20srd.org/srd/monsters/bugbear.htm	monstertext/bugbear.htm
bugbearZombie	http://www.d20srd.org/srd/monsters/zombie.htm	monstertext/zombie.htm
bulette	http://www.d20srd.org/srd/monsters/bulette.htm	monstertext/bulette.htm
cachalotWhale	http://www.d20srd.org/srd/monsters/whale.htm	monstertext/whale.htm
callerInDarkness	http://www.d20srd.org/srd/psionic/monsters/callerInDarkness.htm	monstertext/callerInDarkness.htm
camel	http://www.d20srd.org/srd/monsters/camel.htm	monstertext/camel.htm
cat	http://www.d20srd.org/srd/monsters/cat.htm	monstertext/cat.htm
celestialCharger7thLevelCleric	http://www.d20srd.org/srd/monsters/unicorn.htm	monstertext/unicorn.htm
centaur	http://www.d20srd.org/srd/monsters/centaur.htm	monstertext/centaur.htm
centipedeSwarm	http://www.d20srd.org/srd/monsters/swarm.htm	monstertext/centipedeSwarm.htm
cerebrilith	http://www.d20srd.org/srd/psionic/monsters/cerebrilith.htm	monstertext/cerebrilith.htm
chainDevil	http://www.d20srd.org/srd/monsters/devil.htm	monstertext/chainDevil.htm
chaosBeast	http://www.d20srd.org/srd/monsters/chaosBeast.htm	monstertext/chaosBeast.htm
cheetah	http://www.d20srd.org/srd/monsters/cheetah.htm	monstertext/cheetah.htm
chichimec	http://www.d20srd.org/srd/epic/monsters/abomination.htm	monstertext/chichimec.htm
chimera	http://www.d20srd.org/srd/monsters/chimera.htm	monstertext/chimera.htm
chimeraSkeleton	http://www.d20srd.org/srd/monsters/skeleton.htm	monstertext/skeleton.htm
choker	http://www.d20srd.org/srd/monsters/choker.htm	monstertext/choker.htm
chuul	http://www.d20srd.org/srd/monsters/chuul.htm	monstertext/chuul.htm
clayGolem	http://www.d20srd.org/srd/monsters/golem.htm	monstertext/clayGolem.htm
cloaker	http://www.d20srd.org/srd/monsters/cloaker.htm	monstertext/cloaker.htm
cloudGiant	http://www.d20srd.org/srd/monsters/giant.htm	monstertext/cloudGiant.htm
cloudGiantSkeleton	http://www.d20srd.org/srd/monsters/skeleton.htm	monstertext/skeleton.htm
cockatrice	http://www.d20srd.org/srd/monsters/cockatrice.htm	monstertext/cockatrice.htm
constrictorSnake	http://www.d20srd.org/srd/monsters/snake.htm	monstertext/constrictorSnake.htm
constrictorSnakeGiant	http://www.d20srd.org/srd/monsters/snake.htm	monstertext/constrictorSnakeGiant.htm
copperDragonAdult	http://www.d20srd.org/srd/monsters/dragonTrue.htm	monstertext/copperDragon.htm
copperDragonAncient	http://www.d20srd.org/srd/monsters/dragonTrue.htm	monstertext/copperDragon.htm
copperDragonGreatWyrm	http://www.d20srd.org/srd/monsters/dragonTrue.htm	monstertext/copperDragon.htm
copperDragonJuvenile	http://www.d20srd.org/srd/monsters/dragonTrue.htm	monstertext/copperDragon.htm
copperDragonMatureAdult	http://www.d20srd.org/srd/monsters/dragonTrue.htm	monstertext/copperDragon.htm
copperDragonOld	http://www.d20srd.org/srd/monsters/dragonTrue.htm	monstertext/copperDragon.htm
copperDragonVeryOld	http://www.d20srd.org/srd/monsters/dragonTrue.htm	monstertext/copperDragon.htm
copperDragonVeryYoung	http://www.d20srd.org/srd/monsters/dragonTrue.htm	monstertext/copperDragon.htm
copperDragonWyrm	http://www.d20srd.org/srd/monsters/dragonTrue.htm	monstertext/copperDragon.htm
copperDragonWyrmling	http://www.d20srd.org/srd/monsters/dragonTrue.htm	monstertext/copperDragon.htm
copperDragonYoung	http://www.d20srd.org/srd/monsters/dragonTrue.htm	monstertext/copperDragon.htm
copperDragonYoungAdult	http://www.d20srd.org/srd/monsters/dragonTrue.htm	monstertext/copperDragon.htm
couatl	http://www.d20srd.org/srd/monsters/couatl.htm	monstertext/couatl.htm
couatlPsionic	http://www.d20srd.org/srd/psionic/monsters/couatlPsionic.htm	monstertext/couatlPsionic.htm
criosphinx	http://www.d20srd.org/srd/monsters/sphinx.htm	monstertext/criosphinx.htm
crocodile	http://www.d20srd.org/srd/monsters/crocodile.htm	monstertext/crocodile.htm
crocodileGiant	http://www.d20srd.org/srd/monsters/crocodileGiant.htm	monstertext/crocodileGiant.htm
crysmal	http://www.d20srd.org/srd/psionic/monsters/crysmal.htm	monstertext/crysmal.htm
darkNaga	http://www.d20srd.org/srd/monsters/naga.htm	monstertext/darkNaga.htm
darkmantle	http://www.d20srd.org/srd/monsters/darkmantle.htm	monstertext/darkmantle.htm
deinonychus	http://www.d20srd.org/srd/monsters/dinosaur.htm	monstertext/deinonychus.htm
delver	http://www.d20srd.org/srd/monsters/delver.htm	monstertext/delver.htm
demilich	http://www.d20srd.org/srd/epic/monsters/demilich.htm	monstertext/demilich.htm
derro	http://www.d20srd.org/srd/monsters/derro.htm	monstertext/derro.htm
destrachan	http://www.d20srd.org/srd/monsters/destrachan.htm	monstertext/destrachan.htm
devastationBeetle	http://www.d20srd.org/srd/epic/monsters/devastationVermin.htm	monstertext/devastationBeetle.htm
devastationCentipede	http://www.d20srd.org/srd/epic/monsters/devastationVermin.htm	monstertext/devastationCentipede.htm
devastationScorpion	http://www.d20srd.org/srd/epic/monsters/devastationVermin.htm	monstertext/devastationScorpion.htm
devastationSpider	http://www.d20srd.org/srd/epic/monsters/devastationVermin.htm	monstertext/devastationSpider.htm
devourer	http://www.d20srd.org/srd/monsters/devourer.htm	monstertext/devourer.htm
digester	http://www.d20srd.org/srd/monsters/digester.htm	monstertext/digester.htm
direApe	http://www.d20srd.org/srd/monsters/direAnimal.htm	monstertext/direApe.htm
direBadger	http://www.d20srd.org/srd/monsters/direAnimal.htm	monstertext/direBadger.htm
direBat	http://www.d20srd.org/srd/monsters/direAnimal.htm	monstertext/direBat.htm
direBear	http://www.d20srd.org/srd/monsters/direAnimal.htm	monstertext/direBear.htm
direBoar	http://www.d20srd.org/srd/monsters/direAnimal.htm	monstertext/direBoar.htm
direLion	http://www.d20srd.org/srd/monsters/direAnimal.htm	monstertext/direLion.htm
direRat	http://www.d20srd.org/srd/monsters/direAnimal.htm	monstertext/direRat.htm
direShark	http://www.d20srd.org/srd/monsters/direAnimal.htm	monstertext/direShark.htm
direTiger	http://www.d20srd.org/srd/monsters/direAnimal.htm	monstertext/direTiger.htm
direWeasel	http://www.d20srd.org/srd/monsters/direAnimal.htm	monstertext/direWeasel.htm
direWolf	http://www.d20srd.org/srd/monsters/direAnimal.htm	monstertext/direWolf.htm
direWolverine	http://www.d20srd.org/srd/monsters/direAnimal.htm	monstertext/direWolverine.htm
djinni	http://www.d20srd.org/srd/monsters/genie.htm	monstertext/djinni.htm
dog	http://www.d20srd.org/srd/monsters/dog.htm	monstertext/dog.htm
dogRiding	http://www.d20srd.org/srd/monsters/dogRiding.htm	monstertext/dogRiding.htm
donkey	http://www.d20srd.org/srd/monsters/donkey.htm	monstertext/donkey.htm
doppelganger	http://www.d20srd.org/srd/monsters/doppelganger.htm	monstertext/doppelganger.htm
dragonTurtle	http://www.d20srd.org/srd/monsters/dragonTurtle.htm	monstertext/dragonTurtle.htm
dragonne	http://www.d20srd.org/srd/monsters/dragonne.htm	monstertext/dragonne.htm
dreadWraith	http://www.d20srd.org/srd/monsters/wraith.htm	monstertext/wraith.htm
dreamLarva	http://www.d20srd.org/srd/epic/monsters/abomination.htm	monstertext/dreamLarva.htm
dretch	http://www.d20srd.org/srd/monsters/demon.htm	monstertext/dretch.htm
drider	http://www.d20srd.org/srd/monsters/drider.htm	monstertext/drider.htm
dromite1stLevelWarrior	http://www.d20srd.org/srd/psionic/monsters/dromite.htm	monstertext/dromite.htm
drow1stLevelWarrior	http://www.d20srd.org/srd/monsters/elf.htm	monstertext/elf.htm
dryad	http://www.d20srd.org/srd/monsters/dryad.htm	monstertext/dryad.htm
duergar1stLevelWarrior	http://www.d20srd.org/srd/monsters/dwarf.htm	monstertext/dwarf.htm
dustMephit	http://www.d20srd.org/srd/monsters/mephit.htm	monstertext/dustMephit.htm
dwarf1stLevelWarrior	http://www.d20srd.org/srd/monsters/dwarf.htm	monstertext/dwarf.htm
eagle	http://www.d20srd.org/srd/monsters/eagle.htm	monstertext/eagle.htm
eagleGiant	http://www.d20srd.org/srd/monsters/eagleGiant.htm	monstertext/eagleGiant.htm
earthElementalElder	http://www.d20srd.org/srd/monsters/elemental.htm	monstertext/earthElemental.htm
earthElementalGreater	http://www.d20srd.org/srd/monsters/elemental.htm	monstertext/earthElemental.htm
earthElementalHuge	http://www.d20srd.org/srd/monsters/elemental.htm	monstertext/earthElemental.htm
earthElementalLarge	http://www.d20srd.org/srd/monsters/elemental.htm	monstertext/earthElemental.htm
earthElementalMedium	http://www.d20srd.org/srd/monsters/elemental.htm	monstertext/earthElemental.htm
earthElementalPrimal	http://www.d20srd.org/srd/epic/monsters/elementalPrimal.htm	monstertext/elementalPrimalEarth.htm
earthElementalSmall	http://www.d20srd.org/srd/monsters/elemental.htm	monstertext/earthElemental.htm
earthMephit	http://www.d20srd.org/srd/monsters/mephit.htm	monstertext/earthMephit.htm
efreeti	http://www.d20srd.org/srd/monsters/genie.htm	monstertext/efreeti.htm
eightHeadedHydra	http://www.d20srd.org/srd/monsters/hydra.htm	monstertext/hydra.htm
elan1stLevelWarrior	http://www.d20srd.org/srd/psionic/monsters/elan.htm	monstertext/elan.htm
elasmosaurus	http://www.d20srd.org/srd/monsters/dinosaur.htm	monstertext/elasmosaurus.htm
elderArrowhawk	http://www.d20srd.org/srd/monsters/arrowhawk.htm	monstertext/arrowhawk.htm
elderBlackPudding	http://www.d20srd.org/srd/monsters/ooze.htm	monstertext/blackPudding.htm
elderTojanida	http://www.d20srd.org/srd/monsters/tojanida.htm	monstertext/tojanida.htm
elderXorn	http://www.d20srd.org/srd/monsters/xorn.htm	monstertext/xorn.htm
elephant	http://www.d20srd.org/srd/monsters/elephant.htm	monstertext/elephant.htm
elevenHeadedHydra	http://www.d20srd.org/srd/monsters/hydra.htm	monstertext/hydra.htm
elf1stLevelWarrior	http://www.d20srd.org/srd/monsters/elf.htm	monstertext/elf.htm
erinyes	http://www.d20srd.org/srd/monsters/devil.htm	monstertext/erinyes.htm
etherealFilcher	http://www.d20srd.org/srd/monsters/etherealFilcher.htm	monstertext/etherealFilcher.htm
etherealMarauder	http://www.d20srd.org/srd/monsters/etherealMarauder.htm	monstertext/etherealMarauder.htm
ettercap	http://www.d20srd.org/srd/monsters/ettercap.htm	monstertext/ettercap.htm
ettin	http://www.d20srd.org/srd/monsters/ettin.htm	monstertext/ettin.htm
ettinSkeleton	http://www.d20srd.org/srd/monsters/skeleton.htm	monstertext/skeleton.htm
fireElementalElder	http://www.d20srd.org/srd/monsters/elemental.htm	monstertext/fireElemental.htm
fireElementalGreater	http://www.d20srd.org/srd/monsters/elemental.htm	monstertext/fireElemental.htm
fireElementalHuge	http://www.d20srd.org/srd/monsters/elemental.htm	monstertext/fireElemental.htm
fireElementalLarge	http://www.d20srd.org/srd/monsters/elemental.htm	monstertext/fireElemental.htm
fireElementalMedium	http://www.d20srd.org/srd/monsters/elemental.htm	monstertext/fireElemental.htm
fireElementalPrimal	http://www.d20srd.org/srd/epic/monsters/elementalPrimal.htm	monstertext/elementalPrimalFire.htm
fireElementalSmall	http://www.d20srd.org/srd/monsters/elemental.htm	monstertext/fireElemental.htm
fireGiant	http://www.d20srd.org/srd/monsters/giant.htm	monstertext/fireGiant.htm
fireMephit	http://www.d20srd.org/srd/monsters/mephit.htm	monstertext/fireMephit.htm
fiveHeadedHydra	http://www.d20srd.org/srd/monsters/hydra.htm	monstertext/hydra.htm
flamebrotherSalamander	http://www.d20srd.org/srd/monsters/salamander.htm	monstertext/salamander.htm
fleshColossus	http://www.d20srd.org/srd/epic/monsters/colossus.htm	monstertext/fleshColossus.htm
fleshGolem	http://www.d20srd.org/srd/monsters/golem.htm	monstertext/fleshGolem.htm
folugub	http://www.d20srd.org/srd/psionic/monsters/folugub.htm	monstertext/folugub.htm
forceDragonAdult	http://www.d20srd.org/srd/epic/monsters/dragonEpic.htm	monstertext/forceDragon.htm
forceDragonAncient	http://www.d20srd.org/srd/epic/monsters/dragonEpic.htm	monstertext/forceDragon.htm
forceDragonGreatWyrm	http://www.d20srd.org/srd/epic/monsters/dragonEpic.htm	monstertext/forceDragon.htm
forceDragonJuvenile	http://www.d20srd.org/srd/epic/monsters/dragonEpic.htm	monstertext/forceDragon.htm
forceDragonMatureAdult	http://www.d20srd.org/srd/epic/monsters/dragonEpic.htm	monstertext/forceDragon.htm
forceDragonOld	http://www.d20srd.org/srd/epic/monsters/dragonEpic.htm	monstertext/forceDragon.htm
forceDragonVeryOld	http://www.d20srd.org/srd/epic/monsters/dragonEpic.htm	monstertext/forceDragon.htm
forceDragonVeryYoung	http://www.d20srd.org/srd/epic/monsters/dragonEpic.htm	monstertext/forceDragon.htm
forceDragonWyrm	http://www.d20srd.org/srd/epic/monsters/dragonEpic.htm	monstertext/forceDragon.htm
forceDragonWyrmling	http://www.d20srd.org/srd/epic/monsters/dragonEpic.htm	monstertext/forceDragon.htm
forceDragonYoung	http://www.d20srd.org/srd/epic/monsters/dragonEpic.htm	monstertext/forceDragon.htm
forceDragonYoungAdult	http://www.d20srd.org/srd/epic/monsters/dragonEpic.htm	monstertext/forceDragon.htm
formianMyrmarch	http://www.d20srd.org/srd/monsters/formian.htm	monstertext/formian.htm
formianQueen	http://www.d20srd.org/srd/monsters/formian.htm	monstertext/formian.htm
formianTaskmaster	http://www.d20srd.org/srd/monsters/formian.htm	monstertext/formian.htm
formianWarrior	http://www.d20srd.org/srd/monsters/formian.htm	monstertext/formian.htm
formianWorker	http://www.d20srd.org/srd/monsters/formian.htm	monstertext/formian.htm
frostGiant	http://www.d20srd.org/srd/monsters/giant.htm	monstertext/frostGiant.htm
frostGiantJarl8thLevelBlackguard	http://www.d20srd.org/srd/monsters/giant.htm	monstertext/frostGiant.htm
frostWorm	http://www.d20srd.org/srd/monsters/frostWorm.htm	monstertext/frostWorm.htm
gargoyle	http://www.d20srd.org/srd/monsters/gargoyle.htm	monstertext/gargoyle.htm
gelatinousCube	http://www.d20srd.org/srd/monsters/ooze.htm	monstertext/gelatinousCube.htm
geniusLoci	http://www.d20srd.org/srd/epic/monsters/geniusLoci.htm	monstertext/geniusLoci.htm
ghaele	http://www.d20srd.org/srd/monsters/ghaele.htm	monstertext/ghaele.htm
ghast	http://www.d20srd.org/srd/monsters/ghoul.htm	monstertext/ghoul.htm
ghoul	http://www.d20srd.org/srd/monsters/ghoul.htm	monstertext/ghoul.htm
giantAntQueen	http://www.d20srd.org/srd/monsters/giantAnt.htm	monstertext/giantAnt.htm
giantAntSoldier	http://www.d20srd.org/srd/monsters/giantAnt.htm	monstertext/giantAnt.htm
giantAntWorker	http://www.d20srd.org/srd/monsters/giantAnt.htm	monstertext/giantAnt.htm
giantBee	http://www.d20srd.org/srd/monsters/giantBee.htm	monstertext/giantBee.htm
giantBombardierBeetle	http://www.d20srd.org/srd/monsters/giantBombardierBeetle.htm	monstertext/giantBombardierBeetle.htm
giantFireBeetle	http://www.d20srd.org/srd/monsters/giantFireBeetle.htm	monstertext/giantFireBeetle.htm
giantPrayingMantis	http://www.d20srd.org/srd/monsters/giantPrayingMantis.htm	monstertext/giantPrayingMantis.htm
giantStagBeetle	http://www.d20srd.org/srd/monsters/giantStagBeetle.htm	monstertext/giantStagBeetle.htm
giantWasp	http://www.d20srd.org/srd/monsters/giantWasp.htm	monstertext/giantWasp.htm
gibberingMouther	http://www.d20srd.org/srd/monsters/gibberingMouther.htm	monstertext/gibberingMouther.htm
gibberingOrb	http://www.d20srd.org/srd/epic/monsters/gibberingOrb.htm	monstertext/gibberingOrb.htm
girallon	http://www.d20srd.org/srd/monsters/girallon.htm	monstertext/girallon.htm
glabrezu	http://www.d20srd.org/srd/monsters/demon.htm	monstertext/glabrezu.htm
gloom	http://www.d20srd.org/srd/epic/monsters/gloom.htm	monstertext/gloom.htm
gnoll	http://www.d20srd.org/srd/monsters/gnoll.htm	monstertext/gnoll.htm
gnome1stLevelWarrior	http://www.d20srd.org/srd/monsters/gnome.htm	monstertext/gnome.htm
goblin1stLevelWarrior	http://www.d20srd.org/srd/monsters/goblin.htm	monstertext/goblin.htm
goldDragonAdult	http://www.d20srd.org/srd/monsters/dragonTrue.htm	monstertext/goldDragon.htm
goldDragonAncient	http://www.d20srd.org/srd/monsters/dragonTrue.htm	monstertext/goldDragon.htm
goldDragonGreatWyrm	http://www.d20srd.org/srd/monsters/dragonTrue.htm	monstertext/goldDragon.htm
goldDragonJuvenile	http://www.d20srd.org/srd/monsters/dragonTrue.htm	monstertext/goldDragon.htm
goldDragonMatureAdult	http://www.d20srd.org/srd/monsters/dragonTrue.htm	monstertext/goldDragon.htm
goldDragonOld	http://www.d20srd.org/srd/monsters/dragonTrue.htm	monstertext/goldDragon.htm
goldDragonVeryOld	http://www.d20srd.org/srd/monsters/dragonTrue.htm	monstertext/goldDragon.htm
goldDragonVeryYoung	http://www.d20srd.org/srd/monsters/dragonTrue.htm	monstertext/goldDragon.htm
goldDragonWyrm	http://www.d20srd.org/srd/monsters/dragonTrue.htm	monstertext/goldDragon.htm
goldDragonWyrmling	http://www.d20srd.org/srd/monsters/dragonTrue.htm	monstertext/goldDragon.htm
goldDragonYoung	http://www.d20srd.org/srd/monsters/dragonTrue.htm	monstertext/goldDragon.htm
goldDragonYoungAdult	http://www.d20srd.org/srd/monsters/dragonTrue.htm	monstertext/goldDragon.htm
goldenProtectorCelestialHalfDragonLammasu	http://www.d20srd.org/srd/monsters/lammasu.htm	monstertext/lammasu.htm
gorgon	http://www.d20srd.org/srd/monsters/gorgon.htm	monstertext/gorgon.htm
grayGlutton	http://www.d20srd.org/srd/psionic/monsters/grayGlutton.htm	monstertext/grayGlutton.htm
grayOoze	http://www.d20srd.org/srd/monsters/ooze.htm	monstertext/grayOoze.htm
grayRender	http://www.d20srd.org/srd/monsters/grayRender.htm	monstertext/grayRender.htm
grayRenderZombie	http://www.d20srd.org/srd/monsters/zombie.htm	monstertext/zombie.htm
greaterBarghest	http://www.d20srd.org/srd/monsters/barghest.htm	monstertext/barghest.htm
greaterShadow	http://www.d20srd.org/srd/monsters/shadow.htm	monstertext/shadow.htm
greaterStoneGolem	http://www.d20srd.org/srd/monsters/golem.htm	monstertext/stoneGolem.htm
greenDragonAdult	http://www.d20srd.org/srd/monsters/dragonTrue.htm	monstertext/greenDragon.htm
greenDragonAncient	http://www.d20srd.org/srd/monsters/dragonTrue.htm	monstertext/greenDragon.htm
greenDragonGreatWyrm	http://www.d20srd.org/srd/monsters/dragonTrue.htm	monstertext/greenDragon.htm
greenDragonJuvenile	http://www.d20srd.org/srd/monsters/dragonTrue.htm	monstertext/greenDragon.htm
greenDragonMatureAdult	http://www.d20srd.org/srd/monsters/dragonTrue.htm	monstertext/greenDragon.htm
greenDragonOld	http://www.d20srd.org/srd/monsters/dragonTrue.htm	monstertext/greenDragon.htm
greenDragonVeryOld	http://www.d20srd.org/srd/monsters/dragonTrue.htm	monstertext/greenDragon.htm
greenDragonVeryYoung	http://www.d20srd.org/srd/monsters/dragonTrue.htm	monstertext/greenDragon.htm
greenDragonWyrm	http://www.d20srd.org/srd/monsters/dragonTrue.htm	monstertext/greenDragon.htm
greenDragonWyrmling	http://www.d20srd.org/srd/monsters/dragonTrue.htm	monstertext/greenDragon.htm
greenDragonYoung	http://www.d20srd.org/srd/monsters/dragonTrue.htm	monstertext/greenDragon.htm
greenDragonYoungAdult	http://www.d20srd.org/srd/monsters/dragonTrue.htm	monstertext/greenDragon.htm
greenHag	http://www.d20srd.org/srd/monsters/hag.htm	monstertext/greenHag.htm
grick	http://www.d20srd.org/srd/monsters/grick.htm	monstertext/grick.htm
griffon	http://www.d20srd.org/srd/monsters/griffon.htm	monstertext/griffon.htm
grig	http://www.d20srd.org/srd/monsters/sprite.htm	monstertext/grig.htm
grimlock	http://www.d20srd.org/srd/monsters/grimlock.htm	monstertext/grimlock.htm
guardianNaga	http://www.d20srd.org/srd/monsters/naga.htm	monstertext/guardianNaga.htm
gynosphinx	http://www.d20srd.org/srd/monsters/sphinx.htm	monstertext/gynosphinx.htm
haNaga	http://www.d20srd.org/srd/epic/monsters/haNaga.htm	monstertext/haNaga.htm
hagunemnon	http://www.d20srd.org/srd/epic/monsters/hagunemnon.htm	monstertext/hagunemnon.htm
halfGiant1stLevelWarrior	http://www.d20srd.org/srd/psionic/monsters/halfGiant.htm	monstertext/halfGiant.htm
halfling1stLevelWarrior	http://www.d20srd.org/srd/monsters/halfling.htm	monstertext/halfling.htm
harpy	http://www.d20srd.org/srd/monsters/harpy.htm	monstertext/harpy.htm
harpyArcher7thLevelFighter	http://www.d20srd.org/srd/monsters/harpy.htm	monstertext/harpy.htm
hawk	http://www.d20srd.org/srd/monsters/hawk.htm	monstertext/hawk.htm
hecatoncheires	http://www.d20srd.org/srd/epic/monsters/abomination.htm	monstertext/hecatoncheires.htm
hellcat	http://www.d20srd.org/srd/monsters/devil.htm	monstertext/hellcat.htm
hellhound	http://www.d20srd.org/srd/monsters/hellHound.htm	monstertext/hellhound.htm
hellwaspSwarm	http://www.d20srd.org/srd/monsters/swarm.htm	monstertext/hellwaspSwarm.htm
hezrou	http://www.d20srd.org/srd/monsters/demon.htm	monstertext/hezrou.htm
hieracosphinx	http://www.d20srd.org/srd/monsters/sphinx.htm	monstertext/hieracosphinx.htm
hillGiant	http://www.d20srd.org/srd/monsters/giant.htm	monstertext/hillGiant.htm
hillGiantDireWereboarDireBoarForm	http://www.d20srd.org/srd/monsters/lycanthrope.htm	monstertext/hillGiantDireWereboar.htm
hillGiantDireWereboarGiantForm	http://www.d20srd.org/srd/monsters/lycanthrope.htm	monstertext/hillGiantDireWereboar.htm
hillGiantDireWereboarHybridBoarForm	http://www.d20srd.org/srd/monsters/lycanthrope.htm	monstertext/hillGiantDireWereboar.htm
hippogriff	http://www.d20srd.org/srd/monsters/hippogriff.htm	monstertext/hippogriff.htm
hoaryHunter	http://www.d20srd.org/srd/epic/monsters/hoaryHunter.htm	monstertext/hoaryHunter.htm
hoarySteed	http://www.d20srd.org/srd/epic/monsters/hoaryHunter.htm	monstertext/hoaryHunter.htm
hobgoblin1stLevelWarrior	http://www.d20srd.org/srd/monsters/hobgoblin.htm	monstertext/hobgoblin.htm
homunculus	http://www.d20srd.org/srd/monsters/homunculus.htm	monstertext/homunculus.htm
hornedDevil	http://www.d20srd.org/srd/monsters/devil.htm	monstertext/hornedDevil.htm
horseHeavy	http://www.d20srd.org/srd/monsters/horse.htm	monstertext/horse.htm
horseLight	http://www.d20srd.org/srd/monsters/horse.htm	monstertext/horse.htm
houndArchon	http://www.d20srd.org/srd/monsters/archon.htm	monstertext/houndArchon.htm
houndArchonHero11thLevelPaladin	http://www.d20srd.org/srd/monsters/archon.htm	monstertext/houndArchon.htm
howler	http://www.d20srd.org/srd/monsters/howler.htm	monstertext/howler.htm
humanCommonerZombie	http://www.d20srd.org/srd/monsters/zombie.htm	monstertext/zombie.htm
humanWarriorSkeleton	http://www.d20srd.org/srd/monsters/skeleton.htm	monstertext/skeleton.htm
hunefer	http://www.d20srd.org/srd/epic/monsters/hunefer.htm	monstertext/hunefer.htm
hyena	http://www.d20srd.org/srd/monsters/hyena.htm	monstertext/hyena.htm
iceDevil	http://www.d20srd.org/srd/monsters/devil.htm	monstertext/iceDevil.htm
iceMephit	http://www.d20srd.org/srd/monsters/mephit.htm	monstertext/iceMephit.htm
imp	http://www.d20srd.org/srd/monsters/devil.htm	monstertext/imp.htm
infernal	http://www.d20srd.org/srd/epic/monsters/abomination.htm	monstertext/infernal.htm
intellectDevourer	http://www.d20srd.org/srd/psionic/monsters/intellectDevourer.htm	monstertext/intellectDevourer.htm
invisibleStalker	http://www.d20srd.org/srd/monsters/invisibleStalker.htm	monstertext/invisibleStalker.htm
ironColossus	http://www.d20srd.org/srd/epic/monsters/colossus.htm	monstertext/ironColossus.htm
ironGolem	http://www.d20srd.org/srd/monsters/golem.htm	monstertext/ironGolem.htm
janni	http://www.d20srd.org/srd/monsters/genie.htm	monstertext/janni.htm
juvenileArrowhawk	http://www.d20srd.org/srd/monsters/arrowhawk.htm	monstertext/arrowhawk.htm
juvenileTojanida	http://www.d20srd.org/srd/monsters/tojanida.htm	monstertext/tojanida.htm
kobold1stLevelWarrior	http://www.d20srd.org/srd/monsters/kobold.htm	monstertext/kobold.htm
koboldZombie	http://www.d20srd.org/srd/monsters/zombie.htm	monstertext/zombie.htm
kolyarut	http://www.d20srd.org/srd/monsters/inevitable.htm	MISSING
kraken	http://www.d20srd.org/srd/monsters/kraken.htm	monstertext/kraken.htm
krenshar	http://www.d20srd.org/srd/monsters/krenshar.htm	monstertext/krenshar.htm
lamia	http://www.d20srd.org/srd/monsters/lamia.htm	monstertext/lamia.htm
lammasu	http://www.d20srd.org/srd/monsters/lammasu.htm	monstertext/lammasu.htm
lanternArchon	http://www.d20srd.org/srd/monsters/archon.htm	monstertext/lanternArchon.htm
lavawight	http://www.d20srd.org/srd/epic/monsters/lavawight.htm	monstertext/lavawight.htm
legendaryBear	http://www.d20srd.org/srd/epic/monsters/legendaryAnimal.htm	monstertext/legendaryBear.htm
legendaryTiger	http://www.d20srd.org/srd/epic/monsters/legendaryAnimal.htm	monstertext/legendaryTiger.htm
lemure	http://www.d20srd.org/srd/monsters/devil.htm	MISSING
leonal	http://www.d20srd.org/srd/monsters/leonal.htm	monstertext/leonal.htm
leopard	http://www.d20srd.org/srd/monsters/leopard.htm	monstertext/leopard.htm
leshay	http://www.d20srd.org/srd/epic/monsters/leshay.htm	monstertext/leshay.htm
lillend	http://www.d20srd.org/srd/monsters/lillend.htm	monstertext/lillend.htm
lion	http://www.d20srd.org/srd/monsters/lion.htm	monstertext/lion.htm
livingVault	http://www.d20srd.org/srd/epic/monsters/livingVault.htm	monstertext/livingVault.htm
lizard	http://www.d20srd.org/srd/monsters/lizard.htm	monstertext/lizard.htm
lizardMonitor	http://www.d20srd.org/srd/monsters/lizardMonitor.htm	monstertext/lizardMonitor.htm
lizardfolk	http://www.d20srd.org/srd/monsters/lizardfolk.htm	monstertext/lizardfolk.htm
locathah	http://www.d20srd.org/srd/monsters/locathah.htm	monstertext/locathah.htm
locustSwarm	http://www.d20srd.org/srd/monsters/swarm.htm	monstertext/locustSwarm.htm
maenad1stLevelWarrior	http://www.d20srd.org/srd/psionic/monsters/maenad.htm	monstertext/maenad.htm
magmaMephit	http://www.d20srd.org/srd/monsters/mephit.htm	monstertext/magmaMephit.htm
magmin	http://www.d20srd.org/srd/monsters/magmin.htm	monstertext/magmin.htm
mantaRay	http://www.d20srd.org/srd/monsters/mantaRay.htm	monstertext/mantaRay.htm
manticore	http://www.d20srd.org/srd/monsters/manticore.htm	monstertext/manticore.htm
marilith	http://www.d20srd.org/srd/monsters/demon.htm	monstertext/marilith.htm
marut	http://www.d20srd.org/srd/monsters/inevitable.htm	monstertext/marut.htm
medusa	http://www.d20srd.org/srd/monsters/medusa.htm	monstertext/medusa.htm
megaraptor	http://www.d20srd.org/srd/monsters/dinosaur.htm	monstertext/megaraptor.htm
mercane	http://www.d20srd.org/srd/epic/monsters/mercane.htm	monstertext/mercane.htm
merfolk1stLevelWarrior	http://www.d20srd.org/srd/monsters/merfolk.htm	monstertext/merfolk.htm
mimic	http://www.d20srd.org/srd/monsters/mimic.htm	monstertext/mimic.htm
minorXorn	http://www.d20srd.org/srd/monsters/xorn.htm	monstertext/xorn.htm
minotaur	http://www.d20srd.org/srd/monsters/minotaur.htm	monstertext/minotaur.htm
minotaurZombie	http://www.d20srd.org/srd/monsters/zombie.htm	monstertext/zombie.htm
mithralGolem	http://www.d20srd.org/srd/epic/monsters/golem.htm	monstertext/golem.htm
mohrg	http://www.d20srd.org/srd/monsters/mohrg.htm	monstertext/mohrg.htm
monkey	http://www.d20srd.org/srd/monsters/monkey.htm	monstertext/monkey.htm
monstrousCentipedeColossal	http://www.d20srd.org/srd/monsters/monstrousCentipede.htm	monstertext/monstrousCentipede.htm
monstrousCentipedeGargantuan	http://www.d20srd.org/srd/monsters/monstrousCentipede.htm	monstertext/monstrousCentipede.htm
monstrousCentipedeHuge	http://www.d20srd.org/srd/monsters/monstrousCentipede.htm	monstertext/monstrousCentipede.htm
monstrousCentipedeLarge	http://www.d20srd.org/srd/monsters/monstrousCentipede.htm	monstertext/monstrousCentipede.htm
monstrousCentipedeMedium	http://www.d20srd.org/srd/monsters/monstrousCentipede.htm	monstertext/monstrousCentipede.htm
monstrousCentipedeSmall	http://www.d20srd.org/srd/monsters/monstrousCentipede.htm	monstertext/monstrousCentipede.htm
monstrousCentipedeTiny	http://www.d20srd.org/srd/monsters/monstrousCentipede.htm	monstertext/monstrousCentipede.htm
monstrousScorpionColossal	http://www.d20srd.org/srd/monsters/monstrousScorpion.htm	monstertext/monstrousScorpion.htm
monstrousScorpionGargantuan	http://www.d20srd.org/srd/monsters/monstrousScorpion.htm	monstertext/monstrousScorpion.htm
monstrousScorpionHuge	http://www.d20srd.org/srd/monsters/monstrousScorpion.htm	monstertext/monstrousScorpion.htm
monstrousScorpionLarge	http://www.d20srd.org/srd/monsters/monstrousScorpion.htm	monstertext/monstrousScorpion.htm
monstrousScorpionMedium	http://www.d20srd.org/srd/monsters/monstrousScorpion.htm	monstertext/monstrousScorpion.htm
monstrousScorpionSmall	http://www.d20srd.org/srd/monsters/monstrousScorpion.htm	monstertext/monstrousScorpion.htm
monstrousScorpionTiny	http://www.d20srd.org/srd/monsters/monstrousScorpion.htm	monstertext/monstrousScorpion.htm
monstrousSpiderColossal	http://www.d20srd.org/srd/monsters/monstrousSpider.htm	monstertext/monstrousSpider.htm
monstrousSpiderGargantuan	http://www.d20srd.org/srd/monsters/monstrousSpider.htm	monstertext/monstrousSpider.htm
monstrousSpiderHuge	http://www.d20srd.org/srd/monsters/monstrousSpider.htm	monstertext/monstrousSpider.htm
monstrousSpiderLarge	http://www.d20srd.org/srd/monsters/monstrousSpider.htm	monstertext/monstrousSpider.htm
monstrousSpiderMedium	http://www.d20srd.org/srd/monsters/monstrousSpider.htm	monstertext/monstrousSpider.htm
monstrousSpiderSmall	http://www.d20srd.org/srd/monsters/monstrousSpider.htm	monstertext/monstrousSpider.htm
monstrousSpiderTiny	http://www.d20srd.org/srd/monsters/monstrousSpider.htm	monstertext/monstrousSpider.htm
muSpore	http://www.d20srd.org/srd/epic/monsters/muSpore.htm	monstertext/muSpore.htm
mule	http://www.d20srd.org/srd/monsters/mule.htm	monstertext/mule.htm
mummy	http://www.d20srd.org/srd/monsters/mummy.htm	monstertext/mummy.htm
mummyLord10thLevelCleric	http://www.d20srd.org/srd/monsters/mummy.htm	monstertext/mummy.htm
nalfeshnee	http://www.d20srd.org/srd/monsters/demon.htm	monstertext/nalfeshnee.htm
nehThalggu	http://www.d20srd.org/srd/epic/monsters/nehThalggu.htm	monstertext/nehThalggu.htm
neothelid	http://www.d20srd.org/srd/psionic/monsters/neothelid.htm	monstertext/neothelid.htm
nessianWarhound	http://www.d20srd.org/srd/monsters/hellHound.htm	monstertext/hellhound.htm
nightHag	http://www.d20srd.org/srd/monsters/nightHag.htm	monstertext/nightHag.htm
nightcrawler	http://www.d20srd.org/srd/monsters/nightshade.htm	monstertext/nightcrawler.htm
nightmare	http://www.d20srd.org/srd/monsters/nightmare.htm	monstertext/nightmare.htm
nightmareCauchemar	http://www.d20srd.org/srd/monsters/nightmare.htm	monstertext/nightmare.htm
nightwalker	http://www.d20srd.org/srd/monsters/nightshade.htm	monstertext/nightwalker.htm
nightwing	http://www.d20srd.org/srd/monsters/nightshade.htm	monstertext/nightwing.htm
nineHeadedHydra	http://www.d20srd.org/srd/monsters/hydra.htm	monstertext/hydra.htm
nixie	http://www.d20srd.org/srd/monsters/sprite.htm	monstertext/nixie.htm
nobleSalamander	http://www.d20srd.org/srd/monsters/salamander.htm	monstertext/salamander.htm
nymph	http://www.d20srd.org/srd/monsters/nymph.htm	monstertext/nymph.htm
ochreJelly	http://www.d20srd.org/srd/monsters/ooze.htm	monstertext/ochreJelly.htm
octopus	http://www.d20srd.org/srd/monsters/octopus.htm	monstertext/octopus.htm
octopusGiant	http://www.d20srd.org/srd/monsters/octopusGiant.htm	monstertext/octopusGiant.htm
ogre	http://www.d20srd.org/srd/monsters/ogre.htm	monstertext/ogre.htm
ogre4thLevelBarbarian	http://www.d20srd.org/srd/monsters/ogre.htm	monstertext/ogre.htm
ogreMage	http://www.d20srd.org/srd/monsters/ogreMage.htm	monstertext/ogreMage.htm
ogreZombie	http://www.d20srd.org/srd/monsters/zombie.htm	monstertext/zombie.htm
oozeMephit	http://www.d20srd.org/srd/monsters/mephit.htm	monstertext/oozeMephit.htm
orc1stLevelWarrior	http://www.d20srd.org/srd/monsters/orc.htm	monstertext/orc.htm
orca	http://www.d20srd.org/srd/monsters/whale.htm	monstertext/whale.htm
otyugh	http://www.d20srd.org/srd/monsters/otyugh.htm	monstertext/otyugh.htm
owl	http://www.d20srd.org/srd/monsters/owl.htm	monstertext/owl.htm
owlGiant	http://www.d20srd.org/srd/monsters/owlGiant.htm	monstertext/owlGiant.htm
owlbear	http://www.d20srd.org/srd/monsters/owlbear.htm	monstertext/owlbear.htm
owlbearSkeleton	http://www.d20srd.org/srd/monsters/skeleton.htm	monstertext/skeleton.htm
pegasus	http://www.d20srd.org/srd/monsters/pegasus.htm	monstertext/pegasus.htm
phaethon	http://www.d20srd.org/srd/epic/monsters/abomination.htm	monstertext/phaethon.htm
phane	http://www.d20srd.org/srd/epic/monsters/abomination.htm	monstertext/phane.htm
phantomFungus	http://www.d20srd.org/srd/monsters/phantomFungus.htm	monstertext/phantomFungus.htm
phaseSpider	http://www.d20srd.org/srd/monsters/phaseSpider.htm	monstertext/phaseSpider.htm
phasm	http://www.d20srd.org/srd/monsters/phasm.htm	monstertext/phasm.htm
phthisic	http://www.d20srd.org/srd/psionic/monsters/phthisic.htm	monstertext/phthisic.htm
pitFiend	http://www.d20srd.org/srd/monsters/devil.htm	monstertext/pitFiend.htm
pixie	http://www.d20srd.org/srd/monsters/sprite.htm	monstertext/pixie.htm
pony	http://www.d20srd.org/srd/monsters/pony.htm	monstertext/pony.htm
ponyWar	http://www.d20srd.org/srd/monsters/ponyWar.htm	monstertext/ponyWar.htm
porpoise	http://www.d20srd.org/srd/monsters/porpoise.htm	monstertext/porpoise.htm
prismasaurus	http://www.d20srd.org/srd/epic/monsters/prismasaurus.htm	monstertext/prismasaurus.htm
prismaticDragonAdult	http://www.d20srd.org/srd/epic/monsters/dragonEpic.htm	monstertext/prismaticDragon.htm
prismaticDragonAncient	http://www.d20srd.org/srd/epic/monsters/dragonEpic.htm	monstertext/prismaticDragon.htm
prismaticDragonGreatWyrm	http://www.d20srd.org/srd/epic/monsters/dragonEpic.htm	monstertext/prismaticDragon.htm
prismaticDragonJuvenile	http://www.d20srd.org/srd/epic/monsters/dragonEpic.htm	monstertext/prismaticDragon.htm
prismaticDragonMatureAdult	http://www.d20srd.org/srd/epic/monsters/dragonEpic.htm	monstertext/prismaticDragon.htm
prismaticDragonOld	http://www.d20srd.org/srd/epic/monsters/dragonEpic.htm	monstertext/prismaticDragon.htm
prismaticDragonVeryOld	http://www.d20srd.org/srd/epic/monsters/dragonEpic.htm	monstertext/prismaticDragon.htm
prismaticDragonVeryYoung	http://www.d20srd.org/srd/epic/monsters/dragonEpic.htm	monstertext/prismaticDragon.htm
prismaticDragonWyrm	http://www.d20srd.org/srd/epic/monsters/dragonEpic.htm	monstertext/prismaticDragon.htm
prismaticDragonWyrmling	http://www.d20srd.org/srd/epic/monsters/dragonEpic.htm	monstertext/prismaticDragon.htm
prismaticDragonYoung	http://www.d20srd.org/srd/epic/monsters/dragonEpic.htm	monstertext/prismaticDragon.htm
prismaticDragonYoungAdult	http://www.d20srd.org/srd/epic/monsters/dragonEpic.htm	monstertext/prismaticDragon.htm
pseudodragon	http://www.d20srd.org/srd/monsters/pseudodragon.htm	monstertext/pseudodragon.htm
pseudonaturalTroll	http://www.d20srd.org/srd/epic/monsters/pseudonaturalCreature.htm	monstertext/pseudonaturalTroll.htm
psicrystal	http://www.d20srd.org/srd/psionic/monsters/psicrystal.htm	monstertext/psicrystal.htm
psionKiller	http://www.d20srd.org/srd/psionic/monsters/psionKiller.htm	monstertext/psionKiller.htm
puppeteer	http://www.d20srd.org/srd/psionic/monsters/puppeteer.htm	monstertext/puppeteer.htm
puppeteerFleshHarrower	http://www.d20srd.org/srd/psionic/monsters/puppeteer.htm	monstertext/puppeteerFleshHarrower.htm
purpleWorm	http://www.d20srd.org/srd/monsters/purpleWorm.htm	monstertext/purpleWorm.htm
quasit	http://www.d20srd.org/srd/monsters/demon.htm	monstertext/quasit.htm
rakshasa	http://www.d20srd.org/srd/monsters/rakshasa.htm	monstertext/rakshasa.htm
rast	http://www.d20srd.org/srd/monsters/rast.htm	monstertext/rast.htm
rat	http://www.d20srd.org/srd/monsters/rat.htm	monstertext/rat.htm
ratSwarm	http://www.d20srd.org/srd/monsters/swarm.htm	monstertext/ratSwarm.htm
raven	http://www.d20srd.org/srd/monsters/raven.htm	monstertext/raven.htm
ravid	http://www.d20srd.org/srd/monsters/ravid.htm	monstertext/ravid.htm
redDragonAdult	http://www.d20srd.org/srd/monsters/dragonTrue.htm	monstertext/redDragon.htm
redDragonAncient	http://www.d20srd.org/srd/monsters/dragonTrue.htm	monstertext/redDragon.htm
redDragonGreatWyrm	http://www.d20srd.org/srd/monsters/dragonTrue.htm	monstertext/redDragon.htm
redDragonJuvenile	http://www.d20srd.org/srd/monsters/dragonTrue.htm	monstertext/redDragon.htm
redDragonMatureAdult	http://www.d20srd.org/srd/monsters/dragonTrue.htm	monstertext/redDragon.htm
redDragonOld	http://www.d20srd.org/srd/monsters/dragonTrue.htm	monstertext/redDragon.htm
redDragonVeryOld	http://www.d20srd.org/srd/monsters/dragonTrue.htm	monstertext/redDragon.htm
redDragonVeryYoung	http://www.d20srd.org/srd/monsters/dragonTrue.htm	monstertext/redDragon.htm
redDragonWyrm	http://www.d20srd.org/srd/monsters/dragonTrue.htm	monstertext/redDragon.htm
redDragonWyrmling	http://www.d20srd.org/srd/monsters/dragonTrue.htm	monstertext/redDragon.htm
redDragonYoung	http://www.d20srd.org/srd/monsters/dragonTrue.htm	monstertext/redDragon.htm
redDragonYoungAdult	http://www.d20srd.org/srd/monsters/dragonTrue.htm	monstertext/redDragon.htm
remorhaz	http://www.d20srd.org/srd/monsters/remorhaz.htm	monstertext/remorhaz.htm
retriever	http://www.d20srd.org/srd/monsters/demon.htm	monstertext/retriever.htm
rhinoceros	http://www.d20srd.org/srd/monsters/rhinoceros.htm	monstertext/rhinoceros.htm
roc	http://www.d20srd.org/srd/monsters/roc.htm	monstertext/roc.htm
roper	http://www.d20srd.org/srd/monsters/roper.htm	monstertext/roper.htm
ruinSwarm	http://www.d20srd.org/srd/epic/monsters/ruinSwarm.htm	monstertext/ruinSwarm.htm
rustMonster	http://www.d20srd.org/srd/monsters/rustMonster.htm	monstertext/rustMonster.htm
sahuagin	http://www.d20srd.org/srd/monsters/sahuagin.htm	monstertext/sahuagin.htm
saltMephit	http://www.d20srd.org/srd/monsters/mephit.htm	monstertext/saltMephit.htm
satyr	http://www.d20srd.org/srd/monsters/satyr.htm	monstertext/satyr.htm
seaCat	http://www.d20srd.org/srd/monsters/seaCat.htm	monstertext/seaCat.htm
seaHag	http://www.d20srd.org/srd/monsters/hag.htm	monstertext/seaHag.htm
sevenHeadedHydra	http://www.d20srd.org/srd/monsters/hydra.htm	monstertext/hydra.htm
shadow	http://www.d20srd.org/srd/monsters/shadow.htm	monstertext/shadow.htm
shadowMastiff	http://www.d20srd.org/srd/monsters/shadowMastiff.htm	monstertext/shadowMastiff.htm
shadowOfTheVoid	http://www.d20srd.org/srd/epic/monsters/shadowOfTheVoid.htm	monstertext/shadowOfTheVoid.htm
shamblingMound	http://www.d20srd.org/srd/monsters/shamblingMound.htm	monstertext/shamblingMound.htm
shapeOfFire	http://www.d20srd.org/srd/epic/monsters/shapeOfFire.htm	monstertext/shapeOfFire.htm
sharkHuge	http://www.d20srd.org/srd/monsters/shark.htm	monstertext/shark.htm
sharkLarge	http://www.d20srd.org/srd/monsters/shark.htm	monstertext/shark.htm
sharkMedium	http://www.d20srd.org/srd/monsters/shark.htm	monstertext/shark.htm
shieldGuardian	http://www.d20srd.org/srd/monsters/shieldGuardian.htm	monstertext/shieldGuardian.htm
shockerLizard	http://www.d20srd.org/srd/monsters/shockerLizard.htm	monstertext/shockerLizard.htm
shrieker	http://www.d20srd.org/srd/monsters/fungus.htm	monstertext/fungus.htm
silverDragonAdult	http://www.d20srd.org/srd/monsters/dragonTrue.htm	monstertext/silverDragon.htm
silverDragonAncient	http://www.d20srd.org/srd/monsters/dragonTrue.htm	monstertext/silverDragon.htm
silverDragonGreatWyrm	http://www.d20srd.org/srd/monsters/dragonTrue.htm	monstertext/silverDragon.htm
silverDragonJuvenile	http://www.d20srd.org/srd/monsters/dragonTrue.htm	monstertext/silverDragon.htm
silverDragonMatureAdult	http://www.d20srd.org/srd/monsters/dragonTrue.htm	monstertext/silverDragon.htm
silverDragonOld	http://www.d20srd.org/srd/monsters/dragonTrue.htm	monstertext/silverDragon.htm
silverDragonVeryOld	http://www.d20srd.org/srd/monsters/dragonTrue.htm	monstertext/silverDragon.htm
silverDragonVeryYoung	http://www.d20srd.org/srd/monsters/dragonTrue.htm	monstertext/silverDragon.htm
silverDragonWyrm	http://www.d20srd.org/srd/monsters/dragonTrue.htm	monstertext/silverDragon.htm
silverDragonWyrmling	http://www.d20srd.org/srd/monsters/dragonTrue.htm	monstertext/silverDragon.htm
silverDragonYoung	http://www.d20srd.org/srd/monsters/dragonTrue.htm	monstertext/silverDragon.htm
silverDragonYoungAdult	http://www.d20srd.org/srd/monsters/dragonTrue.htm	monstertext/silverDragon.htm
sirrush	http://www.d20srd.org/srd/epic/monsters/sirrush.htm	monstertext/sirrush.htm
sixHeadedHydra	http://www.d20srd.org/srd/monsters/hydra.htm	monstertext/hydra.htm
skum	http://www.d20srd.org/srd/monsters/skum.htm	monstertext/skum.htm
snakeHugeViper	http://www.d20srd.org/srd/monsters/snake.htm	monstertext/viperSnake.htm
snakeLargeViper	http://www.d20srd.org/srd/monsters/snake.htm	monstertext/viperSnake.htm
snakeMediumViper	http://www.d20srd.org/srd/monsters/snake.htm	monstertext/viperSnake.htm
snakeSmallViper	http://www.d20srd.org/srd/monsters/snake.htm	monstertext/viperSnake.htm
snakeTinyViper	http://www.d20srd.org/srd/monsters/snake.htm	monstertext/viperSnake.htm
spectre	http://www.d20srd.org/srd/monsters/spectre.htm	monstertext/spectre.htm
spiderEater	http://www.d20srd.org/srd/monsters/spiderEater.htm	monstertext/spiderEater.htm
spiderSwarm	http://www.d20srd.org/srd/monsters/swarm.htm	monstertext/spiderSwarm.htm
spiritNaga	http://www.d20srd.org/srd/monsters/naga.htm	monstertext/spiritNaga.htm
squid	http://www.d20srd.org/srd/monsters/squid.htm	monstertext/squid.htm
squidGiant	http://www.d20srd.org/srd/monsters/squidGiant.htm	monstertext/squidGiant.htm
steamMephit	http://www.d20srd.org/srd/monsters/mephit.htm	monstertext/steamMephit.htm
stirge	http://www.d20srd.org/srd/monsters/stirge.htm	monstertext/stirge.htm
stoneColossus	http://www.d20srd.org/srd/epic/monsters/colossus.htm	monstertext/stoneColossus.htm
stoneGiant	http://www.d20srd.org/srd/monsters/giant.htm	monstertext/stoneGiant.htm
stoneGolem	http://www.d20srd.org/srd/monsters/golem.htm	monstertext/stoneGolem.htm
stormGiant	http://www.d20srd.org/srd/monsters/giant.htm	monstertext/stormGiant.htm
succubus	http://www.d20srd.org/srd/monsters/demon.htm	monstertext/succubus.htm
svirfneblin1stLevelWarrior	http://www.d20srd.org/srd/monsters/gnome.htm	monstertext/gnome.htm
tarrasque	http://www.d20srd.org/srd/monsters/tarrasque.htm	monstertext/tarrasque.htm
tayellah	http://www.d20srd.org/srd/epic/monsters/tayellah.htm	monstertext/tayellah.htm
temporalFilcher	http://www.d20srd.org/srd/psionic/monsters/temporalFilcher.htm	monstertext/temporalFilcher.htm
tenHeadedHydra	http://www.d20srd.org/srd/monsters/hydra.htm	monstertext/hydra.htm
tendriculos	http://www.d20srd.org/srd/monsters/tendriculos.htm	monstertext/tendriculos.htm
thoqqua	http://www.d20srd.org/srd/monsters/thoqqua.htm	monstertext/thoqqua.htm
thorciasid	http://www.d20srd.org/srd/epic/monsters/thorciasid.htm	monstertext/thorciasid.htm
thoughtEater	http://www.d20srd.org/srd/psionic/monsters/thoughtEater.htm	monstertext/thoughtEater.htm
thoughtSlayer	http://www.d20srd.org/srd/psionic/monsters/thoughtSlayer.htm	monstertext/thoughtSlayer.htm
threeHeadedSirrush	http://www.d20srd.org/srd/epic/monsters/sirrush.htm	monstertext/threeHeadedSirrush.htm
tiefling1stLevelWarrior	http://www.d20srd.org/srd/monsters/planetouched.htm	monstertext/tiefling.htm
tiger	http://www.d20srd.org/srd/monsters/tiger.htm	monstertext/tiger.htm
titan	http://www.d20srd.org/srd/monsters/titan.htm	monstertext/titan.htm
titanElder	http://www.d20srd.org/srd/epic/monsters/titanElder.htm	monstertext/titanElder.htm
toad	http://www.d20srd.org/srd/monsters/toad.htm	monstertext/toad.htm
treant	http://www.d20srd.org/srd/monsters/treant.htm	monstertext/treant.htm
treantElder	http://www.d20srd.org/srd/epic/monsters/treantElder.htm	monstertext/treantElder.htm
triceratops	http://www.d20srd.org/srd/monsters/dinosaur.htm	monstertext/triceratops.htm
triton	http://www.d20srd.org/srd/monsters/triton.htm	monstertext/triton.htm
troglodyte	http://www.d20srd.org/srd/monsters/troglodyte.htm	monstertext/troglodyte.htm
troglodyteZombie	http://www.d20srd.org/srd/monsters/zombie.htm	monstertext/zombie.htm
troll	http://www.d20srd.org/srd/monsters/troll.htm	monstertext/troll.htm
trollHunter6thLevelRanger	http://www.d20srd.org/srd/monsters/troll.htm	monstertext/troll.htm
trollSkeleton	http://www.d20srd.org/srd/monsters/skeleton.htm	monstertext/skeleton.htm
trumpetArchon	http://www.d20srd.org/srd/monsters/archon.htm	monstertext/trumpetArchon.htm
twelveHeadedHydra	http://www.d20srd.org/srd/monsters/hydra.htm	monstertext/hydra.htm
tyrannosaurus	http://www.d20srd.org/srd/monsters/dinosaur.htm	monstertext/tyrannosaurus.htm
udoroot	http://www.d20srd.org/srd/psionic/monsters/udoroot.htm	monstertext/udoroot.htm
umbralBlot	http://www.d20srd.org/srd/epic/monsters/umbralBlot.htm	monstertext/umbralBlot.htm
unbodied	http://www.d20srd.org/srd/psionic/monsters/unbodied.htm	monstertext/unbodied.htm
unicorn	http://www.d20srd.org/srd/monsters/unicorn.htm	monstertext/unicorn.htm
uvuudaum	http://www.d20srd.org/srd/epic/monsters/uvuudaum.htm	monstertext/uvuudaum.htm
vampireSpawn	http://www.d20srd.org/srd/monsters/vampire.htm	monstertext/vampireSpawn.htm
vargouille	http://www.d20srd.org/srd/monsters/vargouille.htm	monstertext/vargouille.htm
vermiurge	http://www.d20srd.org/srd/epic/monsters/vermiurge.htm	monstertext/vermiurge.htm
violetFungus	http://www.d20srd.org/srd/monsters/fungus.htm	monstertext/fungus.htm
vrock	http://www.d20srd.org/srd/monsters/demon.htm	monstertext/vrock.htm
warhorseHeavy	http://www.d20srd.org/srd/monsters/horse.htm	monstertext/horse.htm
warhorseLight	http://www.d20srd.org/srd/monsters/horse.htm	monstertext/horse.htm
waterElementalElder	http://www.d20srd.org/srd/monsters/elemental.htm	monstertext/waterElemental.htm
waterElementalGreater	http://www.d20srd.org/srd/monsters/elemental.htm	monstertext/waterElemental.htm
waterElementalHuge	http://www.d20srd.org/srd/monsters/elemental.htm	monstertext/waterElemental.htm
waterElementalLarge	http://www.d20srd.org/srd/monsters/elemental.htm	monstertext/waterElemental.htm
waterElementalMedium	http://www.d20srd.org/srd/monsters/elemental.htm	monstertext/waterElemental.htm
waterElementalPrimal	http://www.d20srd.org/srd/epic/monsters/elementalPrimal.htm	monstertext/elementalPrimalWater.htm
waterElementalSmall	http://www.d20srd.org/srd/monsters/elemental.htm	monstertext/waterElemental.htm
waterMephit	http://www.d20srd.org/srd/monsters/mephit.htm	monstertext/waterMephit.htm
waterNaga	http://www.d20srd.org/srd/monsters/naga.htm	monstertext/waterNaga.htm
weasel	http://www.d20srd.org/srd/monsters/weasel.htm	monstertext/weasel.htm
werebearBearForm	http://www.d20srd.org/srd/monsters/lycanthrope.htm	monstertext/werebear.htm
werebearHumanForm	http://www.d20srd.org/srd/monsters/lycanthrope.htm	monstertext/werebear.htm
werebearHybridForm	http://www.d20srd.org/srd/monsters/lycanthrope.htm	monstertext/werebear.htm
wereboarBoarForm	http://www.d20srd.org/srd/monsters/lycanthrope.htm	monstertext/wereboar.htm
wereboarHumanForm	http://www.d20srd.org/srd/monsters/lycanthrope.htm	monstertext/wereboar.htm
wereboarHybridForm	http://www.d20srd.org/srd/monsters/lycanthrope.htm	monstertext/wereboar.htm
wereratDireRatForm	http://www.d20srd.org/srd/monsters/lycanthrope.htm	monstertext/wererat.htm
wereratHumanForm	http://www.d20srd.org/srd/monsters/lycanthrope.htm	monstertext/wererat.htm
wereratHybridForm	http://www.d20srd.org/srd/monsters/lycanthrope.htm	monstertext/wererat.htm
weretigerHumanForm	http://www.d20srd.org/srd/monsters/lycanthrope.htm	monstertext/weretiger.htm
weretigerHybridForm	http://www.d20srd.org/srd/monsters/lycanthrope.htm	monstertext/weretiger.htm
weretigerTigerForm	http://www.d20srd.org/srd/monsters/lycanthrope.htm	monstertext/weretiger.htm
werewolfHumanForm	http://www.d20srd.org/srd/monsters/lycanthrope.htm	monstertext/werewolf.htm
werewolfHybridForm	http://www.d20srd.org/srd/monsters/lycanthrope.htm	monstertext/werewolf.htm
werewolfLordDireWolfForm	http://www.d20srd.org/srd/monsters/lycanthrope.htm	monstertext/lycanthropeWerewolfLord.htm
werewolfLordHumanForm	http://www.d20srd.org/srd/monsters/lycanthrope.htm	monstertext/lycanthropeWerewolfLord.htm
werewolfLordHybridForm	http://www.d20srd.org/srd/monsters/lycanthrope.htm	monstertext/lycanthropeWerewolfLord.htm
werewolfWolfForm	http://www.d20srd.org/srd/monsters/lycanthrope.htm	monstertext/werewolf.htm
whiteDragonAdult	http://www.d20srd.org/srd/monsters/dragonTrue.htm	monstertext/whiteDragon.htm
whiteDragonAncient	http://www.d20srd.org/srd/monsters/dragonTrue.htm	monstertext/whiteDragon.htm
whiteDragonGreatWyrm	http://www.d20srd.org/srd/monsters/dragonTrue.htm	monstertext/whiteDragon.htm
whiteDragonJuvenile	http://www.d20srd.org/srd/monsters/dragonTrue.htm	monstertext/whiteDragon.htm
whiteDragonMatureAdult	http://www.d20srd.org/srd/monsters/dragonTrue.htm	monstertext/whiteDragon.htm
whiteDragonOld	http://www.d20srd.org/srd/monsters/dragonTrue.htm	monstertext/whiteDragon.htm
whiteDragonVeryOld	http://www.d20srd.org/srd/monsters/dragonTrue.htm	monstertext/whiteDragon.htm
whiteDragonVeryYoung	http://www.d20srd.org/srd/monsters/dragonTrue.htm	monstertext/whiteDragon.htm
whiteDragonWyrm	http://www.d20srd.org/srd/monsters/dragonTrue.htm	monstertext/whiteDragon.htm
whiteDragonWyrmling	http://www.d20srd.org/srd/monsters/dragonTrue.htm	monstertext/whiteDragon.htm
whiteDragonYoung	http://www.d20srd.org/srd/monsters/dragonTrue.htm	monstertext/whiteDragon.htm
whiteDragonYoungAdult	http://www.d20srd.org/srd/monsters/dragonTrue.htm	monstertext/whiteDragon.htm
wight	http://www.d20srd.org/srd/monsters/wight.htm	monstertext/wight.htm
willOWisp	http://www.d20srd.org/srd/monsters/willOWisp.htm	monstertext/willOWisp.htm
winterWolf	http://www.d20srd.org/srd/monsters/winterWolf.htm	monstertext/winterWolf.htm
winterwight	http://www.d20srd.org/srd/epic/monsters/winterwight.htm	monstertext/winterwight.htm
wolf	http://www.d20srd.org/srd/monsters/wolf.htm	monstertext/wolf.htm
wolfSkeleton	http://www.d20srd.org/srd/monsters/skeleton.htm	monstertext/skeleton.htm
wolverine	http://www.d20srd.org/srd/monsters/wolverine.htm	monstertext/wolverine.htm
worg	http://www.d20srd.org/srd/monsters/worg.htm	monstertext/worg.htm
wormThatWalks	http://www.d20srd.org/srd/epic/monsters/wormThatWalks.htm	monstertext/wormThatWalks.htm
wraith	http://www.d20srd.org/srd/monsters/wraith.htm	monstertext/wraith.htm
wyvern	http://www.d20srd.org/srd/monsters/wyvern.htm	monstertext/wyvern.htm
wyvernZombie	http://www.d20srd.org/srd/monsters/zombie.htm	monstertext/zombie.htm
xeph1stLevelWarrior	http://www.d20srd.org/srd/psionic/monsters/xeph.htm	monstertext/xeph.htm
xill	http://www.d20srd.org/srd/monsters/xill.htm	monstertext/xill.htm
xixecal	http://www.d20srd.org/srd/epic/monsters/abomination.htm	monstertext/xixecal.htm
yethHound	http://www.d20srd.org/srd/monsters/yethHound.htm	monstertext/yethHound.htm
youngAdultRedDragonSkeleton	http://www.d20srd.org/srd/monsters/skeleton.htm	monstertext/skeleton.htm
yrthak	http://www.d20srd.org/srd/monsters/yrthak.htm	monstertext/yrthak.htm
zelekhut	http://www.d20srd.org/srd/monsters/inevitable.htm	monstertext/zelekhut.htm
